id,text,url,llama,svm_1,id_new,gemini-flash_faiss_loc,gemini-flash_faiss,gemini-flash_faiss_country
4,Euphrates River Valley Settlement: The Carchemish Sector in the Third Millennium BC (Levant Supplementary Series),https://m.media-amazon.com/images/I/71UxajsS3gL._AC_UY218_ML3_.jpg,syria,1.0,4,levant,"['levant', 'levanto', 'town of levant', 'lebanon', 'nova levante', 'palestine', 'arab', 'east palestine', 'syrian arab republic', 'beirut']",turkey
1567,red-valley-at-sunset-in-cappadocia-turke,"https://static.wixstatic.com/media/da4d7c_5b366cf1231c404fa489e23846fe31c9~mv2.jpg/v1/fill/w_340,h_227,q_90/da4d7c_5b366cf1231c404fa489e23846fe31c9~mv2.jpg",turkey,1.0,1459,turkey,"['republic of turkey', 'i̇stanbul', 'istanbul', 'ankara', 'turkaulia', 'ankaran', 'turka', 'turkistan', 'turkestan', 'turkana']",turkey
2098,"Cappadocia, Turkey: Love Valley",http://media-cdn.tripadvisor.com/media/photo-s/01/41/27/10/love-valley.jpg,turkey,1.0,1950,turkey,"['republic of turkey', 'i̇stanbul', 'istanbul', 'ankara', 'turkaulia', 'ankaran', 'turka', 'turkistan', 'turkestan', 'turkana']",turkey
2277,"The prehistoric mysterious vehicle tracks as found in the Phrygian Valley of Turkey, with a modern car for scale.",https://www.ancient-origins.net/sites/default/files/styles/large/public/prehistoric-mysterious-vehicle-tracks.jpg?itok=G0k9l15R,turkey,1.0,2112,turkey,"['republic of turkey', 'i̇stanbul', 'istanbul', 'ankara', 'turkaulia', 'ankaran', 'turka', 'turkistan', 'turkestan', 'turkana']",turkey
3272,"GOREME, CAPPADOCIA, TURKEY - OCTOBER 24, 2015: Cappadocia, Turkey.The greatest tourist attraction of Cappadocia, the flight with the hot air balloons over the valley in Goreme",https://static3.bigstockphoto.com/thumbs/7/4/1/large2/147703505.jpg,turkey,1.0,3027,turkey,"['republic of turkey', 'i̇stanbul', 'istanbul', 'ankara', 'turkaulia', 'ankaran', 'turka', 'turkistan', 'turkestan', 'turkana']",turkey
5400,"single girl walking toward skyline, with one ATV vehicle parked around in wild valley in Cappadocia, Turkey, surrounded among the rocks, dunes and  hills in Goreme National Park, typical terrain landscape in Cappadocia poster",https://static3.bigstockphoto.com/6/4/1/large2/146425562.jpg,turkey,1.0,5004,turkey,"['republic of turkey', 'i̇stanbul', 'istanbul', 'ankara', 'turkaulia', 'ankaran', 'turka', 'turkistan', 'turkestan', 'turkana']",turkey
6454,"Unique Geological Formations In Red Valley, Cappadocia, Turkey",https://static2.bigstockphoto.com/thumbs/8/4/1/large2/148768064.jpg,turkey,1.0,5990,turkey,"['republic of turkey', 'i̇stanbul', 'istanbul', 'ankara', 'turkaulia', 'ankaran', 'turka', 'turkistan', 'turkestan', 'turkana']",turkey
8857,Butterfly Valley Campsite,http://www.helensburghcc.org.uk/wp-content/uploads/2015/10/2015-10-10-05.36.00-1024x768.jpg,new zealand,1.0,8233,no,['no'],turkey
8876,"Artvin, Turkey - July 2018: Gorgit highland with old houses and green valley in Blacksea region, Artvin, Turkey",https://image.shutterstock.com/image-photo/artvin-turkey-july-2018-gorgit-260nw-1205327455.jpg,turkey,1.0,8250,artvin,"['artvin', 'artres', 'arvin', 'carvin', 'arti', 'artas', 'arţās', 'liévin', 'artjärvi', 'arthon']",turkey
9838,Butterfly valley deep gorge fethiye turkey Royalty Free Stock Photo,https://thumbs.dreamstime.com/t/butterfly-valley-deep-gorge-fethiye-turkey-high-view-canyon-38943255.jpg,turkey,1.0,9148,turkey,"['republic of turkey', 'i̇stanbul', 'istanbul', 'ankara', 'turkaulia', 'ankaran', 'turka', 'turkistan', 'turkestan', 'turkana']",turkey
11830,"Spectacular teeth-like rock formation and old christian caves in Zelve Valley in Cappadocia, Turkey",https://image.shutterstock.com/image-photo/stock-photo-spectacular-teeth-like-rock-formation-and-old-christian-caves-in-zelve-valley-in-cappadocia-turkey-250nw-1805846365.jpg,turkey,1.0,11014,turkey,"['republic of turkey', 'i̇stanbul', 'istanbul', 'ankara', 'turkaulia', 'ankaran', 'turka', 'turkistan', 'turkestan', 'turkana']",turkey
12710,[TURKEY.CENTRAL 26799 'Fairy chimneys in Görkün Valley-5.'  	The Görkün Valley south of the Cappadocian village of Göreme boasts some of the most spectacular fairy chimneys. The pillars consist of tuff (consolidated volcanic ash) that has been protected from rain erosion by a cap of harder more solidified ash (ignimbrite). Photo Mick Palarczyk.,https://photos.smugmug.com/Features/Asia/Turkey/Turkey-Cappadocia/i-VHKWftV/0/ad621485/L/turkey-26799-L.jpg,turkey,1.0,11836,görkün valley,"['valley', 'meander valley', 'great valley', 'north valley', 'the valley', 'valley hill', 'south valley', 'pine valley', 'holiday valley', 'lenah valley']",turkey
13018,"Butterfly Valley — Faralya, Turkey",https://1.bp.blogspot.com/-JcAZ08xzqJc/UrFXqYgxkXI/AAAAAAABU5Y/n2pr-zghTMY/s1600/Butterfly_Valley_Faralya_Turkey_018.jpg,turkey,1.0,12124,turkey,"['republic of turkey', 'i̇stanbul', 'istanbul', 'ankara', 'turkaulia', 'ankaran', 'turka', 'turkistan', 'turkestan', 'turkana']",turkey
13301,The amazing landscape of the Pigeon Valley covered with snow and the misty Uchisar rock on the background Cappadocia Turkey.,https://static3.bigstockphoto.com/2/4/1/large2/142329305.jpg,turkey,1.0,12383,turkey,"['republic of turkey', 'i̇stanbul', 'istanbul', 'ankara', 'turkaulia', 'ankaran', 'turka', 'turkistan', 'turkestan', 'turkana']",turkey
13715,"Mountains in the Red Valley of Cappadocia, Turkey Metal Print","https://plc.s6img.com/society6/img/535gn0gaVjYR7i3CSmTJqW79Tuk/h_264,w_264/metal-prints/3x2/front/~artwork/s6-0016/a/5904320_2282092/~~/mountains-in-the-red-valley-of-cappadocia-turkey-metal-prints.jpg?wait=0&attempt=0",turkey,1.0,12766,turkey,"['republic of turkey', 'i̇stanbul', 'istanbul', 'ankara', 'turkaulia', 'ankaran', 'turka', 'turkistan', 'turkestan', 'turkana']",turkey
14886,"Buyukdere Valley, and Beicos Bay--Framed Giclee Print",https://imgc.artprintimages.com/img/print/u-l-PVB6NTR8UX1.jpg,turkey,1.0,13863,no,['no'],turkey
14995,"A guide to Cappadocia: The magical, dream like, out of this world landscape that we flew above, history, asia, Europe, things to do, top things to see, what to do, where to go, turkey, turkiye, adventure, explore, romance of travel, bucket list, Fethiye, Goreme, Nevsehir, how to get to cappadocia, bus, flight, plane, Kayseri, Byzantine, Uchisar, Balloon Ride, fairy chimneys, Rose Valley, Cavusin villages, Pigeon Valley, Mount Erciyes, Uchisar castle, Derinkuyu, underground city, Ihlara Valley, desert, Melendiz river, Ağaçaltı cave church, Selime Monastery, things to do in Cappadocia, where to go in cappadocia,",https://i1.wp.com/theroamingrenegades.com/wp-content/uploads/2016/09/DSC07751.jpg?resize=467%2C700&,turkey,1.0,13965,cappadocia,"['capiata', 'capiatá', 'caparaó', 'capalaba', 'caprarola', 'caparrapí', 'capácuaro', 'capinota', 'capodimonte', 'capannori']",turkey
17051,Morning flight above Uchisar town and Goreme valley  in Cappadocia. - stock photo,https://thumb1.shutterstock.com/image-photo/stock-photo-morning-flight-above-uchisar-town-and-goreme-valley-in-cappadocia-450w-394916200.jpg,turkey,1.0,15888,cappadocia,"['capiata', 'capiatá', 'caparaó', 'capalaba', 'caprarola', 'caparrapí', 'capácuaro', 'capinota', 'capodimonte', 'capannori']",turkey
18345,"Wheel ruts in stone, in the Phrygian Valley, Turkey. (Courtesy of Dr. Alexander Koltypin)",https://img.theepochtimes.com/assets/uploads/2016/10/04/stone_roads_1.jpg,turkey,1.0,17094,turkey,"['republic of turkey', 'i̇stanbul', 'istanbul', 'ankara', 'turkaulia', 'ankaran', 'turka', 'turkistan', 'turkestan', 'turkana']",turkey
19913,"View of Rock Formations from Aktepe Hill at Sunset over Red Valley, Goreme National Park--Framed Art Print",https://imgc.artprintimages.com/img/print/u-g-Q12Q4ZW9FO8L.jpg,turkey,1.0,18562,red valley,"['valley', 'the valley', 'new valley', 'green valley', 'north valley', 'holiday valley', 'valley green', 'west valley', 'spot valley', 'water valley']",turkey
19962,"Beauty geological formations in Cappadocia, Turkey. Cappadocia with its valley, ravine, hills, located between the volcanic mountains in Goreme National Park.",https://static1.bigstockphoto.com/1/7/1/large2/171525836.jpg,turkey,1.0,18603,turkey,"['republic of turkey', 'i̇stanbul', 'istanbul', 'ankara', 'turkaulia', 'ankaran', 'turka', 'turkistan', 'turkestan', 'turkana']",turkey
20485,Unique Geological Formations at Red Valley in Cappadocia,https://cdn.madeinturkeytours.com/wp-content/uploads/2020/11/unique-geological-formations-valley-cappadocia.jpg,turkey,1.0,19094,cappadocia,"['capiata', 'capiatá', 'caparaó', 'capalaba', 'caprarola', 'caparrapí', 'capácuaro', 'capinota', 'capodimonte', 'capannori']",turkey
23163,"Photo Of Amazing Boulders In Devrent Valley, Also Known As Pink Or Imaginary Valley",https://static1.bigstockphoto.com/3/0/4/large2/403285223.jpg,turkey,1.0,21624,devrent valley,"['valley', 'the valley', 'new valley', 'north valley', 'river valley', 'city of valley', 'cool valley', 'valleymount', 'fortitude valley', 'hunter valley']",turkey
23494,"Cappadocia In One Day Small-Group Tour from Istanbul: Rose Valley, Ortahisar, Kaymakli Underground City and Pigeon Valley",https://media.tacdn.com/media/attractions-splice-spp-674x446/06/71/37/dc.jpg,turkey,1.0,21933,istanbul,"['i̇stanbul', 'istanbul', 'ankara', 'ankaran', 'turka', 'túrkeve', 'turku', 'turki', 'republic of turkey', 'turkana']",turkey
25144,"A guide to Cappadocia: The magical, dream like, out of this world landscape that we flew above, history, asia, Europe, things to do, top things to see, what to do, where to go, turkey, turkiye, adventure, explore, romance of travel, bucket list, Fethiye, Goreme, Nevsehir, how to get to cappadocia, bus, flight, plane, Kayseri, Byzantine, Uchisar, Balloon Ride, fairy chimneys, Rose Valley, Cavusin villages, Pigeon Valley, Mount Erciyes, Uchisar castle, Derinkuyu, underground city, Ihlara Valley, desert, Melendiz river, Ağaçaltı cave church, Selime Monastery, things to do in Cappadocia, where to go in cappadocia,",https://i1.wp.com/theroamingrenegades.com/wp-content/uploads/2016/10/DSC07900.jpg?resize=400%2C600&ssl=1,turkey,1.0,23472,turkey,"['republic of turkey', 'i̇stanbul', 'istanbul', 'ankara', 'turkaulia', 'ankaran', 'turka', 'turkistan', 'turkestan', 'turkana']",turkey
11,Mongolian Altai.  Scenic valley on the background of the snowcapped mountains. #1454166689,https://image.shutterstock.com/image-photo/image-450w-1454166689.jpg,mongolia,1.0,11,mongolian altai,"['altai', 'altay', 'altata', 'altavista', 'altagracia', 'altach', 'altamira', 'alta', 'älta', 'altair']",mongolia
3532,Aerial view of Orkhon valley Mongolia,https://static.zoonar.com/img/www_repository5/4a/14/1e/11_85a1c1b0194d81e0bb43160d6af0b03a.jpg,mongolia,1.0,3268,mongolia,"['mongolia', 'inner mongolia autonomous region', 'asia', 'siberia', 'north kazakhstan', 'west kazakhstan', 'turkmenistan', 'chiná', 'china', 'republic of kazakhstan']",mongolia
8562,Adult ethnic woman in national dress looking at camera while standing against traditional ger in valley,https://images.pexels.com/photos/4324954/pexels-photo-4324954.jpeg?auto=compress&cs=tinysrgb&dpr=1&w=500,mongolia,1.0,7954,no,['no'],mongolia
11224,"Nomadic encampment in the Orkhon River valley, central Mongolia.",https://cdn.britannica.com/s:700x450/44/147344-004-09DB08A8.jpg,mongolia,1.0,10438,mongolia,"['mongolia', 'inner mongolia autonomous region', 'asia', 'siberia', 'north kazakhstan', 'west kazakhstan', 'turkmenistan', 'chiná', 'china', 'republic of kazakhstan']",mongolia
18163,"rocks red : Landscape with deposit of colorful clay in the Altai Mountains or Mars valley, tilt view",https://vidcdn.123rf.com/450nwm/mik122/mik1221511/mik122151100025.jpg,russia,1.0,16924,altai mountains,"['altai', 'city of alta', 'altadena', 'altagracia', 'altãnia', 'alta', 'älta', 'altamont', 'altata', 'town of terra alta']",mongolia
20607,The Orkhon Valley,http://img.over-blog-kiwi.com/600x450-ct/0/55/99/72/201308/phpa6AjRH,mongolia,1.0,19211,orkhon valley,"['orland hills', 'village of orland hills', 'town of orland', 'village of orwell', 'ormeau hills', 'town of orwell', 'huon valley', 'lenah valley', 'lemmon valley', 'orsan']",mongolia
23682,Scenic view of a green Mongolia - Russia Border valley from rocky outcrop,https://ak.picdn.net/offset/photos/5953f8bb17fb156e48065196/medium/offset_586200.jpg?DFghwDcb,mongolia,1.0,22102,mongolia - russia border,"['mongolia', 'inner mongolia autonomous region', 'north kazakhstan', 'siberia', 'east kazakhstan', 'west kazakhstan', 'republic of kazakhstan', 'european russia', 'town of russia', 'conakry region']",mongolia
30310,"Mongolia,Central Asia,Ovorkhangai province,historical Orkhon valley,UNESCO world heritage,Orkhon flux,flock of sheep, Stock Photo",https://c8.alamy.com/comp/JAH2JW/mongoliacentral-asiaovorkhangai-provincehistorical-orkhon-valleyunesco-JAH2JW.jpg,mongolia,1.0,28285,mongolia,"['mongolia', 'inner mongolia autonomous region', 'asia', 'siberia', 'north kazakhstan', 'west kazakhstan', 'turkmenistan', 'chiná', 'china', 'republic of kazakhstan']",mongolia
40935,Trees lining the river at the rapids just above Orkhon waterfall | Orkhon valley | Mongolia,http://www.traveladventures.org/countries/mongolia/images/orkhon-valley09.jpg,mongolia,1.0,38198,mongolia,"['mongolia', 'inner mongolia autonomous region', 'asia', 'siberia', 'north kazakhstan', 'west kazakhstan', 'turkmenistan', 'chiná', 'china', 'republic of kazakhstan']",mongolia
48101,Offroad in Valley of flowers Mongolia Royalty Free Stock Images,https://thumbs.dreamstime.com/t/offroad-valley-flowers-mongolia-off-road-adventure-showcases-some-most-spectacular-varied-historically-53984559.jpg,mongolia,1.0,44888,mongolia,"['mongolia', 'inner mongolia autonomous region', 'asia', 'siberia', 'north kazakhstan', 'west kazakhstan', 'turkmenistan', 'chiná', 'china', 'republic of kazakhstan']",mongolia
49465,"Mongolian Altai.  Current mountain stream, Scenic valley on the background of the snowcapped mountains. #1446160682",https://image.shutterstock.com/image-photo/image-450w-1446160682.jpg,mongolia,1.0,46183,mongolian altai,"['altai', 'altay', 'altata', 'altavista', 'altagracia', 'altach', 'altamira', 'alta', 'älta', 'altair']",mongolia
50882,View of the valley of Altai river Chulyshman from the slope of m Royalty Free Stock Photos,https://thumbs.dreamstime.com/t/view-valley-altai-river-chulyshman-slope-m-mount-siberia-russia-77260248.jpg,russia,1.0,47519,altai,"['altai', 'altata', 'alta', 'älta', 'altay', 'altadena', 'altagracia', 'altair', 'altaneira', 'altafulla']",mongolia
51617,"Blue car moves along the winding, crooked road. Altai. Valley. Village. Stock Footage",https://d1hw6n3yxknhky.cloudfront.net/070670225_iconm.jpeg,russia,1.0,48212,altai,"['altai', 'altata', 'alta', 'älta', 'altay', 'altadena', 'altagracia', 'altair', 'altaneira', 'altafulla']",mongolia
54523,"Mongolia, Ovorkhangai province, Orkhon valley, Nomad camp, Mongolian horserider - Stock Photo",https://l450v.alamy.com/450v/ha07tt/mongolia-ovorkhangai-province-orkhon-valley-nomad-camp-mongolian-horserider-ha07tt.jpg,mongolia,1.0,50924,mongolia,"['mongolia', 'inner mongolia autonomous region', 'asia', 'siberia', 'north kazakhstan', 'west kazakhstan', 'turkmenistan', 'chiná', 'china', 'republic of kazakhstan']",mongolia
59876,"Orkhon Valley, Mongolei",https://image.jimcdn.com/app/cms/image/transf/dimension=512x2048:format=jpg/path/s9a29d82a26edafd5/image/ic94895f9163b3fd9/version/1631637921/image.jpg,mongolia,1.0,55913,mongolei,"['mongolia', 'tha khantho', 'republic of kazakhstan', 'turkistan', 'tatarstan', 'monghidoro', 'west kazakhstan', 'tha khanan', 'khandyga', 'north kazakhstan']",mongolia
64056,"View of Orkhon Valley, Karakorum, Mongolia. You see an empty valley but this place was the capital of mongol empire at 13th century. Genghis Khan's used here as army based. Because they were nomadic, there is no building. Ä°t is just like Great Khaan's ti Stockfoto",https://us.123rf.com/450wm/kagemusha/kagemusha1311/kagemusha131100116/23485280-uitzicht-op-orkhon-valley-karakorum-mongoli%C3%83%C2%AB-u-ziet-een-lege-vallei-maar-deze-plek-was-de-hoofdstad-.jpg?ver=6,mongolia,1.0,59818,mongolia,"['mongolia', 'inner mongolia autonomous region', 'asia', 'siberia', 'north kazakhstan', 'west kazakhstan', 'turkmenistan', 'chiná', 'china', 'republic of kazakhstan']",mongolia
82631,"Mongolie, Arkhangai, La vallee de la la Steppe Jaune, Ovo, monument bouddhiste et chamanique // Mongolia, Arkhangai, Yellow Steppe valley, Ovo, buddhist and shaman monument",https://m.psecn.photoshelter.com/img-get2/I0000J6UHdoPKhCk/fill=/fit=200x200/I0000J6UHdoPKhCk.jpg,mongolia,1.0,77123,mongolia,"['mongolia', 'inner mongolia autonomous region', 'asia', 'siberia', 'north kazakhstan', 'west kazakhstan', 'turkmenistan', 'chiná', 'china', 'republic of kazakhstan']",mongolia
88512,UO professor Esther Jacobson-Tepfer recording an image stone from the Turkic period in the valley of Postigiin Gol. (Photo: Gary Tepfer),https://around.uoregon.edu/sites/around2.uoregon.edu/files/styles/landscape__small_/public/field/image/jacobson-tepfer_turkic_image_stone2.jpg?itok=bnISe307,mongolia,1.0,82630,postigiin gol,"['gol gol', 'gol', 'gols', 'golwayn', 'gölhisar', 'gölhisar i̇lçesi', 'gola', 'görzig', 'goslar', 'golães']",mongolia
89420,"MONGOLIA, Darhad Valley.  A nomadic shepherd moves her family's flock near their temporary summer corrals.  The Horidal Saridag Mountains and other families' yurts (gers) are in the background.",https://m.psecn.photoshelter.com/img-get2/I00002jsrZqaT9DU/fill=200x200/fit=/I00002jsrZqaT9DU.jpg,mongolia,1.0,83473,mongolia,"['mongolia', 'inner mongolia autonomous region', 'asia', 'siberia', 'north kazakhstan', 'west kazakhstan', 'turkmenistan', 'chiná', 'china', 'republic of kazakhstan']",mongolia
95005,"Mongolie, Province de Ovorkhangai, Vallee de l'Orkhon, campement nomade, jeune femme à l'intérieur d'une yourte // Mongolia, Ovorkhangai province, Orkhon valley, Nomad camp, young woman in the yurt",https://m.psecn.photoshelter.com/img-get2/I0000dxNkSBChFyo/fill=/fit=200x200/I0000dxNkSBChFyo.jpg,mongolia,1.0,88717,mongolia,"['mongolia', 'inner mongolia autonomous region', 'asia', 'siberia', 'north kazakhstan', 'west kazakhstan', 'turkmenistan', 'chiná', 'china', 'republic of kazakhstan']",mongolia
105128,"Chuya River Valley landscape, Altai, 4k - stock footage",https://d1hw6n3yxknhky.cloudfront.net/056200553_iconm.jpeg,russia,1.0,98163,altai,"['altai', 'altata', 'alta', 'älta', 'altay', 'altadena', 'altagracia', 'altair', 'altaneira', 'altafulla']",mongolia
108697,"""Left: the Tsagan-Agui cave in Gobi Altai is among the few well-dated Mongolian archaeological monuments; it contains the remains of the cultures of all Paleolithic stages and of later epochs. For 300,000 years, the unique Flint Valley in the desolate Gobi Desert served as a workshop for ancient stone craftsmen. There, at the outcrop of large siliceous breccias, there is a true """"store field"""" of stone tools, over 20 square meters in area, where tens and hundreds of millions of tools are found – up to 600 per square meter!""",https://scfh.ru/files/medialibrary/44c/44cc2f317612ebd0a5880076d34ebdde.jpg,mongolia,1.0,101500,mongolia,"['mongolia', 'inner mongolia autonomous region', 'asia', 'siberia', 'north kazakhstan', 'west kazakhstan', 'turkmenistan', 'chiná', 'china', 'republic of kazakhstan']",mongolia
126006,"Dukha Woman; Darkhad Valley, Khovsgol, Northern Mongolia",https://static.boredpanda.com/blog/wp-content/uploads/2019/06/003-alexander-khimushin-5d06dae4b438c__880.jpg,mongolia,1.0,117645,mongolia,"['mongolia', 'inner mongolia autonomous region', 'asia', 'siberia', 'north kazakhstan', 'west kazakhstan', 'turkmenistan', 'chiná', 'china', 'republic of kazakhstan']",mongolia
139281,A blue house with a red roof and a white Ger sit isolated in Mongolia's Orkhon Valley,https://www.bordersofadventure.com/wp-content/uploads/2019/12/A-house-and-ger-rural-life-in-Mongolia-Orkhon-Valley.jpg,mongolia,1.0,130014,mongolia,"['mongolia', 'inner mongolia autonomous region', 'asia', 'siberia', 'north kazakhstan', 'west kazakhstan', 'turkmenistan', 'chiná', 'china', 'republic of kazakhstan']",mongolia
168251,"4K. Clouds over the valley of the river Khovd, Mongolian Altai, Mongolia. U.. Stock Footage",https://images.pond5.com/4k-clouds-over-valley-river-footage-073979871_iconm.jpeg,mongolia,1.0,157051,mongolia,"['mongolia', 'inner mongolia autonomous region', 'asia', 'siberia', 'north kazakhstan', 'west kazakhstan', 'turkmenistan', 'chiná', 'china', 'republic of kazakhstan']",mongolia
13,Sunrise In Death Valley Men's T-Shirt  (Regular Fit) by Juli Scalzi,https://render.fineartamerica.com/images/rendered/medium/t-shirt/20/25/images-medium-5/sunrise-in-death-valley-juli-scalzi.jpg?&targetx=23&targety=0&imagewidth=384&imageheight=575&modelwidth=430&modelheight=575,no,1.0,13,death valley,"['valley', 'the valley', 'new valley', 'hope valley', 'cool valley', 'happy valley', 'middle valley', 'green valley', 'stillman valley', 'water valley']",united states
25,nicasio valley rd,https://yurides.files.wordpress.com/2015/08/dscn3113.jpg?w=483&h=362,no,1.0,25,no,['no'],united states
29,Monument Valley - Left Mitten 2 Metal Print by Mike McGlothlen,https://render.fineartamerica.com/images/rendered/search/metal-print/images-medium-5/monument-valley-left-mitten-2-mike-mcglothlen.jpg,united states,1.0,29,monument valley,"['valley', 'the valley', 'valley park', 'valley hill', 'rock valley', 'eden valley', 'fortitude valley', 'central valley', 'new valley', 'fountain valley']",united states
65,A Ride Through Napa Valley Acrylic Print,https://render.fineartamerica.com/images/rendered/search/acrylic-print/metalposts/break/images-medium-5/a-ride-through-napa-valley-mike-mcglothlen.jpg,no,1.0,62,napa valley,"['valley', 'bega valley', 'north valley', 'the valley', 'holiday valley', 'paradise valley', 'sun valley', 'pleasant valley', 'new valley', 'leona valley']",united states
69,Ski Lifts At Squaw Valley In California Beach Towel,https://render.fineartamerica.com/images/rendered/search/flat/beach-towel/images-medium-5/ski-lifts-at-squaw-valley-in-california-underwood-archives.jpg,california,1.0,66,california,"['califórnia', 'california', 'la california', 'southern california', 'cali', 'new california', 'california city', 'califon', 'los ángeles', 'los angeles']",united states
167,Winding road artists drive in the death valley scenic Stock Photography,https://thumbs.dreamstime.com/m/winding-road-artists-drive-death-valley-scenic-38618522.jpg,united states,1.0,158,death valley,"['valley', 'the valley', 'new valley', 'hope valley', 'cool valley', 'happy valley', 'middle valley', 'green valley', 'stillman valley', 'water valley']",united states
192,Napa Valley Vineyard In Autumn Colors Metal Print by Wingsdomain Art and Photography,https://render.fineartamerica.com/images/rendered/small/metal-print/images-square-real/napa-valley-vineyard-in-autumn-colors-wingsdomain-art-and-photography.jpg,no,1.0,180,napa valley,"['valley', 'bega valley', 'north valley', 'the valley', 'holiday valley', 'paradise valley', 'sun valley', 'pleasant valley', 'new valley', 'leona valley']",united states
195,Mountain Valley Greeting Cards - Colorado Countryside Greeting Card by Janice Rae Pariza,http://render.fineartamerica.com/images/rendered/medium/greeting-card/images-medium-5/colorado-countryside-janice-rae-pariza.jpg,colorado,1.0,183,colorado,"['colorado', 'colorado city', 'el colorado', 'colorado springs', 'denver', 'colorado county', 'denver city', 'san juan colorado', 'cerro colorado', 'town of colorado city']",united states
199,The Wines And Wineries Of Oregon's Willamette Valley,https://images-na.ssl-images-amazon.com/images/I/51xUhmpQwfL._AA218_.jpg,oregon,1.0,187,oregon's willamette valley,"['oregon', 'town of oregon', 'southern oregon', 'central oregon', 'village of oregon', 'city of oregon', 'oregon county', 'valley', 'oregon city', 'north valley']",united states
212,"HOLCOMB VALLEY SCOUT RANCH, 1974-1998",https://cdn.shopify.com/s/files/1/0220/5007/8792/products/CA14936_580x.jpg?v=1560473867,united states,1.0,199,holcomb valley scout ranch,"['star valley ranch', 'town of star valley ranch', 'village of holley', 'mountain ranch', 'hunt valley', 'highlands ranch', 'hunter valley', 'forest ranch', 'valley mills', 'spring valley']",united states
216,Yosemite Valley View Timelapse,https://d38zjy0x98992m.cloudfront.net/cae70ac8-f0fd-472a-a4b7-9a91bee3053f/OS1989_F0476_xgaplus.jpg,united states,1.0,203,yosemite valley,"['yosemite valley', 'yosemite lakes', 'valley', 'the valley', 'north valley', 'apple valley', 'mead valley', ""george's valley"", 'mill valley', 'west valley']",united states
244,"The Lodges at Deer Valley #2306 - Park City, Utah",https://d3glb5zioac6h9.cloudfront.net/uploads/sources/146232/detail/IMG_2019.JPG?1477697624,utah,1.0,228,"park city, utah","['park city', 'city of park city', 'utah', 'salt lake city', 'garden city park', 'brigham city', 'salt lake city, ut metro area', 'city of lake park', 'utah county', 'lake park']",united states
245,"Stock Photo of barn, tree and view of the appalachians in the shenandoah valley, virginia.",http://d1hw6n3yxknhky.cloudfront.net/026753173_iconv.jpeg,united states,1.0,229,virginia,"['virgínia', 'virginia', 'virginias', 'west virginia', 'northern virginia', 'la virginia', 'city of virginia', 'virginia beach', 'southwest virginia', 'virginia water']",united states
265,"A spring storm hovers over harvested wheat fields in the Gallatin Valley, near Bozeman, Montana.  The Horseshoe Hills and Big Belt Mountains rise in the background.",https://m.psecn.photoshelter.com/img-get2/I0000ULdbA3fb3_E/fill=200x200/fit=/I0000ULdbA3fb3_E.jpg,montana,1.0,249,gallatin valley,"['maple valley', 'valley', 'golden valley', 'pine valley', 'the valley', 'prescott valley', 'bardwell valley', 'sandy valley', 'grass valley', 'water valley']",united states
282,Yosemite Valley - May 2010,http://photos.smugmug.com/Travel/Eastern-Sierras-Yosemite-May/i-q2gCvXd/0/Ti/IMG_1072%20-%20Version%202-Ti.jpg,united states,1.0,263,yosemite valley,"['yosemite valley', 'yosemite lakes', 'valley', 'the valley', 'north valley', 'apple valley', 'mead valley', ""george's valley"", 'mill valley', 'west valley']",united states
285,Pacifica Island Art - Santa Ynez Valley Wineries - Central Coast AVA Vineyards - California Wine Country Art by Kerne Erickson - Master Art Print - 13in x (Estate Vineyard Cabernet),https://images-na.ssl-images-amazon.com/images/I/51ezGpQQ9KL.jpg,california,1.0,266,california,"['califórnia', 'california', 'la california', 'southern california', 'cali', 'new california', 'california city', 'califon', 'los ángeles', 'los angeles']",united states
298,"The Colorful Red, Yellow And White Banded Rock Formations Along The Fire Wave Trail In The Valley Of",https://static2.bigstockphoto.com/9/2/3/large2/329714824.jpg,united states,1.0,279,the valley of,"['the valley', 'valley', 'city of valley', 'water valley', 'new valley', 'valley of peace', 'middle valley', 'river valley', 'long valley', 'fortitude valley']",united states
320,"Stock photo. Caption: Spring storm over Snake River Range   and grainfields on Antelope Flat Snake River Valley Rocky Mountains,  Idaho -- Keywords: mountain landscape landscapes scenic scenics rivers views view vista vistas evolution patience western west rockies cloudy clouds dramatic light green grain fields waves stormy snowfall fresh simple pastoral agriculture crop crops ranges",http://www.larryulrich.com/images/412ie017s1.thumb.jpg,idaho,1.0,297,idaho,"['idaho', 'idaho county', 'boise', 'idaho springs', 'idaho falls', 'boise city', 'boise county', 'oregon', 'nevada', 'north dakota']",united states
327,Landscape Weekender Tote Bag featuring the photograph Tennessee Valley by Todd Blanchard,https://render.fineartamerica.com/images/rendered/default/flat/weekender-tote-bag/images-medium-5/tennessee-valley-todd-a-blanchard.jpg?&targetx=-369&targety=0%E2%84%91width=1518%E2%84%91height=506&modelwidth=779&modelheight=506&backgroundcolor=E2E8ED%E2%88%A8ientation=0%E2%88%8Fucttype=totebagweekender-24-16-white,united states,1.0,304,tennessee valley,"['tennessee', 'chattanooga valley', 'middle tennessee', 'tennessee ridge', 'valley', 'knoxville, tn metro area', 'south valley', 'the valley', 'greeneville, tn micro area', 'north valley']",united states
329,Hood River Valley in Bloom by Jon Ares,https://images.fineartamerica.com/images/artworkimages/mediumlarge/1/hood-river-valley-in-bloom-jon-ares.jpg,no,1.0,306,hood river valley,"['hood river', 'city of hood river', 'hood river, or micro area', 'hood river county', 'river valley', 'cascade valley', 'river hills', 'hood county', 'valley hill', 'valley']",united states
330,Morning In Napa Valley Canvas Print by Barbara Anna Knauf,https://render.fineartamerica.com/images/rendered/search/canvas-print/mirror/break/images/artworkimages/medium/1/morning-in-napa-valley-barbara-anna-knauf-canvas-print.jpg,no,1.0,307,napa valley,"['valley', 'bega valley', 'north valley', 'the valley', 'holiday valley', 'paradise valley', 'sun valley', 'pleasant valley', 'new valley', 'leona valley']",united states
335,"Driving into Death Valley National Park from Lone Pine, CA, USA. Eastern Sierras. Inyo County, CA, USA",https://photos.smugmug.com/All-Photos/Death-Valley-National-Park-201/Day-1/i-kRPdSm9/0/S/IMG_6792-S.jpg,united states,1.0,311,death valley national park,"['valley park', 'city of valley park', 'national park', 'green valley', 'mountain lodge park', 'valley', 'north valley', 'the valley', 'new valley', 'rock valley']",united states
346,"Panorama across Death Valley from Dante's View, Inyo County, 1935","https://iiif.library.ucla.edu/iiif/2/ark%3A%2F21198%2Fzz002bxt40/full/!200,200/0/default.jpg",united states,1.0,322,inyo county,"['inyo county', 'outagamie county', 'bomi county', 'yolo county', 'upson county', 'pulaski county', 'iosco county', 'wasco county', 'oyo state', 'wyoming county']",united states
354,Monument Valley,https://www.ardenneweb.eu/sites/default/files/styles/carre/public/RobertMARY/64496e9ba468e2eb81eb6683693871cf_3.JPG?itok=0EIuFWTu,united states,1.0,330,no,['no'],united states
356,Tassajara Hills is a luxury new home community tucked in the rolling hills of the Tri-Valley area.,https://cdn.tollbrothers.com/communities/12914/images/Panorama_2-Schaefer-Ranch-View_Ret_920.jpg,united states,1.0,332,no,['no'],united states
21,Bears In the Valley of Geysers,https://englishrussia.com/images/112012/bearsgeysers/bearsgeysers001-13.jpg,russia,1.0,21,valley of geysers,"['the valley', 'valley', 'water valley', 'river valley', 'valley stream', 'meander valley', 'north valley', 'north valley stream', 'village of valley stream', 'city of valley']",russia
3093,"Sunset over in the Valley of the Seven Lakes, Altai Republic, Russia.  Stock Footage",https://images.pond5.com/sunset-over-valley-seven-lakes-footage-077486520_iconl.jpeg,russia,1.0,2865,russia,"['european russia', 'moscow', 'siberia', 'ukraine', 'chiná', 'china', 'russian federation', 'japan', 'brasil', 'koréa']",russia
4869,Tents in the in Caucasus valley Royalty Free Stock Images,https://thumbs.dreamstime.com/t/tents-caucasus-valley-night-camping-near-shkhara-georgia-46195529.jpg,russia,1.0,4514,caucasus valley,"['north caucasus', 'tbilisi', 'the valley', 'oro valley', 'valley', 'siberia', 'west azerbaijan province', 'town of russia', 'east azerbaijan province', 'tatarstan']",russia
7315,A widescreen panorama: The SkyBridges is built across the Krasnaya Polyana valley in south-western Russia,https://i1.wp.com/i.dailymail.co.uk/i/pix/2014/10/01/1412161453782_wps_39_Pic_shows_The_world_s_lon.jpg,russia,1.0,6791,russia,"['european russia', 'moscow', 'siberia', 'ukraine', 'chiná', 'china', 'russian federation', 'japan', 'brasil', 'koréa']",russia
8651,"Misty Valley.  River Chusovaia, Ural Mountains, Russia. TimeLapse Stock Footage",https://images.pond5.com/misty-valley-river-chusovaia-ural-footage-024420046_iconm.jpeg,russia,1.0,8036,russia,"['european russia', 'moscow', 'siberia', 'ukraine', 'chiná', 'china', 'russian federation', 'japan', 'brasil', 'koréa']",russia
10121,"Sunset over in the Valley of the Seven Lakes, Altai Republic, Russia. Full HD Stock Footage",https://images.pond5.com/sunset-over-valley-seven-lakes-footage-073714463_iconm.jpeg,russia,1.0,9407,altai republic,"['altai', 'altadena', 'altãnia', 'altaneira', 'city of alta', 'altagracia', 'alta', 'älta', 'altata', 'alta italia']",russia
11724,Eruption Bolshoy Big Geyser in Valley of Geysers. Kronotsky Nature Reserve on Kamchatka Peninsula.,https://static2.bigstockphoto.com/8/5/1/large2/158710604.jpg,russia,1.0,10912,kamchatka peninsula,"['kamionka', 'kameoka', 'kamyanka-dniprovska raion', 'kamienka', 'kamyanske', 'kampong bay', 'kambarka', 'kamonokaha', 'kamyanka', 'kamifukuoka']",russia
12674,Valley of Geysers  Stock Footage,https://d3thflcq1yqzn0.cloudfront.net/000564880_iconm.jpeg,russia,1.0,11802,valley of geysers,"['the valley', 'valley', 'water valley', 'river valley', 'valley stream', 'meander valley', 'north valley', 'north valley stream', 'village of valley stream', 'city of valley']",russia
15283,Mountain Valley With Mosses And Rocks Covered With Lichens. Cloudy Sky Before Storm.  Khibiny Mounta,https://static1.bigstockphoto.com/5/3/1/large2/135290099.jpg,russia,1.0,14238,khibiny mounta,"['krua', 'khok kruat', 'kalba', 'khok krabue', 'khelyulya', 'kharaundhi', 'kabinda', 'krikoréa i', 'khok khruea', 'amphoe kabin buri']",russia
20436,River Valley in South Yakutia Chulman Stock Photos,https://thumbs.dreamstime.com/t/river-valley-south-yakutia-chulman-autumn-32372983.jpg,russia,1.0,19051,chulman,"['chusovoy', 'chumatlán', 'chuka', 'churah', 'chuí', 'chui', 'chumnik', 'chumi', 'chumphon', 'chumukedima']",russia
20663,"Bolshoy (large) Geyser erupting in Valley of Geysers, Kamchatka, Russia",https://t4.ftcdn.net/jpg/01/21/78/59/240_F_121785938_GTVJp5R3ptCemlgJdjgYuvOcylOWMlcS.jpg,russia,1.0,19267,russia,"['european russia', 'moscow', 'siberia', 'ukraine', 'chiná', 'china', 'russian federation', 'japan', 'brasil', 'koréa']",russia
22576,"The Valley of Geysers colors, Kamchatka, Russia photo 1",https://russiatrek.org/blog/wp-content/uploads/2013/02/valley-of-geysers-colors-kamchatka-russia-1-small.jpg,russia,1.0,21073,russia,"['european russia', 'moscow', 'siberia', 'ukraine', 'chiná', 'china', 'russian federation', 'japan', 'brasil', 'koréa']",russia
22593,"The Horses Grazing In The Valley Of River Akem On Backgroind Of Mountain Belukha. Altai Mountains, R",https://static1.bigstockphoto.com/7/6/3/large2/367276993.jpg,russia,1.0,21088,altai mountains,"['altai', 'city of alta', 'altadena', 'altagracia', 'altãnia', 'alta', 'älta', 'altamont', 'altata', 'town of terra alta']",russia
22681,"Panorama Of A Mountain Road, Serpentine Descending Down A Forested Slope To The Valley Of The Mzymta River Among The Caucasus Mountains On A Cloudy Summer Day  Russia, Caucasus, Sochi, Summer, Mountai",https://as2.ftcdn.net/jpg/04/56/81/17/220_F_456811796_POzhBFIZO4Ybwp8AMVvbvJaOBC4TBjOD.jpg,russia,1.0,21172,russia,"['european russia', 'moscow', 'siberia', 'ukraine', 'chiná', 'china', 'russian federation', 'japan', 'brasil', 'koréa']",russia
26505,Archangel Valley Shower Curtain,https://render.fineartamerica.com/images/rendered/small/shower-curtain/images-medium/archangel-valley-doug-lloyd.jpg?transparent=0&targetx=-220&targety=0&imagewidth=1228&imageheight=819&modelwidth=787&modelheight=819&backgroundcolor=829957&orientation=0&producttype=showercurtain,no,1.0,24731,archangel valley,"['avra valley', 'valley', 'the valley', 'paradise valley', 'anna valley', 'aro valley', 'sky valley', 'cool valley', 'valley east', 'sun valley']",russia
26550,Caucasus mountains Eltyubyu Chegem valley North Caucasus 1,https://northcaucasusland.files.wordpress.com/2014/04/caucasus-mountains-eltyubyu-chegem-valley-north-caucasus-1.jpg?w=599&h=345,russia,1.0,24773,north caucasus,"['north caucasus', 'north kazakhstan', 'tbilisi', 'siberia', 'european russia', 'north aegean', 'turkistan', 'eastern anatolia region', 'tatarstan', 'east azerbaijan province']",russia
26704,"Mountain mirror crystal clear lake. Valley of 7 lakes. Altai Mountains, Russia. Mountain mirror crystal clear lake. Valley of 7 lakes. Altai Mountains royalty free stock photo",https://thumbs.dreamstime.com/b/mountain-mirror-crystal-clear-lake-valley-lakes-altai-mountains-russia-144136925.jpg,russia,1.0,24915,russia,"['european russia', 'moscow', 'siberia', 'ukraine', 'chiná', 'china', 'russian federation', 'japan', 'brasil', 'koréa']",russia
28091,"Panoramic view of autumnal forest valley in mountain Altay, Russia",https://image.shutterstock.com/image-photo/panoramic-view-autumnal-forest-valley-260nw-1259345764.jpg,russia,1.0,26208,russia,"['european russia', 'moscow', 'siberia', 'ukraine', 'chiná', 'china', 'russian federation', 'japan', 'brasil', 'koréa']",russia
28733,View from above. Elderly man is looking from a hill on the small town situated in a valley . Khadyzhensk. Krasonodar Territory. Russia Royalty Free Stock Photography,https://thumbs.dreamstime.com/t/view-above-5453707.jpg,russia,1.0,26815,russia,"['european russia', 'moscow', 'siberia', 'ukraine', 'chiná', 'china', 'russian federation', 'japan', 'brasil', 'koréa']",russia
34840,Valley of Geysers thumbnail,https://th-thumbnailer.cdn-si-edu.com/U3ODMdr4kX4f9IXSsmf-69WHcSQ=/fit-in/600x0/https://tf-cmsv2-photocontest-smithsonianmag-prod-approved.s3.amazonaws.com/6e057887-3e2a-4192-819d-26af51707981.jpg,russia,1.0,32526,valley of geysers,"['the valley', 'valley', 'water valley', 'river valley', 'valley stream', 'meander valley', 'north valley', 'north valley stream', 'village of valley stream', 'city of valley']",russia
39067,"RU-5975418 - Arrived: 2017.10.05   ----    The volcanoes of Kamchatka are a large group of volcanoes situated on the Kamchatka Peninsula. The Kamchatka River and the surrounding central side valley are flanked by large volcanic belts containing around 160 volcanoes, 29 of them still active. The peninsula has a high density of volcanoes and associated volcanic phenomena, with 29 active volcanoes being included in the six UNESCO World Heritage List sites in the Volcanoes of Kamchatka group.",https://i.pinimg.com/736x/4f/55/64/4f55649c0834a75296900c89442b8233.jpg,russia,1.0,36474,kamchatka peninsula,"['kamionka', 'kameoka', 'kamyanka-dniprovska raion', 'kamienka', 'kamyanske', 'kampong bay', 'kambarka', 'kamonokaha', 'kamyanka', 'kamifukuoka']",russia
39118,Sunset on the Putorana plateau in Siberia in summer with a view of the river valley,https://image.shutterstock.com/image-photo/stock-photo-sunset-on-the-putorana-plateau-in-siberia-in-summer-with-a-view-of-the-river-valley-250nw-1708102864.jpg,russia,1.0,36521,siberia,"['siberia', 'moscow', 'european russia', 'alaska', 'north kazakhstan', 'mongolia', 'north caucasus', 'town of russia', 'petersburg', 'asia']",russia
39290,Keuken foto achterwand Pistache Wide valley among the rocky peaks. Alpine meadows in the Caucasus Mountains. Flowers of all colors and grasses. Beautiful blue sky and clouds. Mountain tourism.,https://as2.ftcdn.net/jpg/02/11/31/29/500_F_211312995_ROi4lIFM6mOAW3Je7OgQMwwZkpYbPxyg.jpg,georgia,1.0,36682,caucasus mountains,"['north caucasus', 'tbilisi', 'mountain', 'siberia', 'tatarstan', 'west azerbaijan province', 'east azerbaijan province', 'eastern anatolia region', 'bilgola plateau', 'oriental region']",russia
40756,"View of the valley of Altai river Chulyshman from the slope of mount. Siberia, Russia",https://thumb9.shutterstock.com/image-photo/stock-photo-view-of-the-valley-of-altai-river-chulyshman-from-the-slope-of-mount-siberia-russia-450w-475860346.jpg,russia,1.0,38030,"siberia, russia","['siberia', 'european russia', 'moscow', 'town of russia', 'north kazakhstan', 'moscow oblast', 'petersburg', 'alaska', 'leningrad oblast', 'north caucasus']",russia
42481,Buddhist stupa in the Tunkinsky valley against the  Sayan mountains Stock Photos,https://thumbs.dreamstime.com/t/buddhist-stupa-tunkinsky-valley-against-sayan-mountains-background-buryatia-siberia-85428453.jpg,russia,1.0,39640,tunkinsky valley,"['north valley', 'tunkhannock', 'lenah valley', 'sharlyksky district', 'tashlinsky district', 'ostankinsky district', 'lemmon valley', 'novomalyklinsky district', 'pine valley', 'borough of tunkhannock']",russia
33,Okanagan Valley Greeting Cards - Summer Skies at Skaha Greeting Card by Tara Turner,http://render.fineartamerica.com/images/rendered/medium/greeting-card/images/artworkimages/medium/1/summer-skies-at-skaha-tara-turner.jpg,canada,1.0,33,okanagan valley,"['okanagan falls', 'okanagan', 'regional district of central okanagan', 'city of okanogan', 'north okkalapa', 'okāra district', 'okanogan county', 'city of okolona', 'village of okawville', 'south okkalapa']",canada
156,"Okanagan Air Services first Bell 47B-3, CF-FZX, piloted by Carl Agar, lifts off to spray insect-infected forests in the Windermere Valley in the East Kootenays. This operation, among others in 1948, helped prove the value of helicopters. B.C. Ministry of Forests Photo",https://assets.verticalmag.com/wp-content/uploads/2017/02/Spray-program-1948-CF-FZX161-resized-1024x553.jpg,canada,1.0,147,east kootenays,"['konayo', 'krang snay', 'montenay', 'krasnaye', 'tournay', 'latnaya', 'saguenay', 'krinichnaya', 'stenay', 'kobylnica']",canada
403,Killarney Valley & National Park Tour,https://media.tacdn.com/media/attractions-splice-spp-674x446/07/87/2d/79.jpg,united kingdom,1.0,377,killarney valley,"['killarney', 'killarney heights', 'killarney vale', 'searles valley', 'lemmon valley', 'ballards  valley', 'columbine valley', 'valley hill', 'bardwell valley', 'kearney park']",canada
1208,Scenic View of Sail Peaks and Stewart Valley on Baffin Island Photographic Print by John Dunn,http://cache2.allpostersimages.com/p/MED/38/3868/Y18JF00Z/posters/john-dunn-scenic-view-of-sail-peaks-and-stewart-valley-on-baffin-island.jpg,canada,1.0,1131,baffin island,"['island', 'boracay island', 'blue island', 'pine island', 'garden island', 'king island', 'island park', 'holiday island', 'south island', 'marco island']",canada
1301,"BAFFIN ISLAND, Canada, Climbers on huge ledge, Great Sail Peak, above frozen lake in Stewart Valley.",https://m.psecn.photoshelter.com/img-get2/I0000WaXQL2itWUY/fill=200x200/fit=/I0000WaXQL2itWUY.jpg,canada,1.0,1214,canada,"['canada', 'cañada', 'canadian', 'la cañada', 'america', 'vancouver', 'ontario', 'united states', 'uk', 'toronto']",canada
1516,Cycling the Kettle Valley Railway,"https://images-na.ssl-images-amazon.com/images/I/514j7RFWdZL.__BG0,0,0,0_FMpng_AC_UL200_SR200,200_.jpg",canada,1.0,1413,no,['no'],canada
1642,Photo 60: 1400 MALAHAT DRIVE in COURTENAY: CV Courtenay East House for sale (Comox Valley)  : MLS®# 782164,https://mrp-listings.myrealpage.com/fit-in/320x0/filters:quality(80)/8/7/7/73909778/7d0eb7f6967e5caf98324500aa591725.jpeg,canada,1.0,1528,courtenay,"['courtenay', 'sutton courtenay', 'fontenay', 'grenay', 'corbenay', 'courgenay', 'châtenay-malabry', 'verzenay', 'fontenay-lès-briis', 'châtenay-sur-seine']",canada
1760,Sunrise In Bow River Valley royalty free stock images,https://thumbs.dreamstime.com/b/sunrise-bow-river-valley-gorgeous-morning-alberta-sense-vastness-scale-particular-location-was-151612509.jpg,canada,1.0,1636,bow river valley,"['river valley', 'town of bow', 'hunt valley', 'valley', 'water valley', 'deer valley', 'valley stream', 'the valley', 'hunter valley', 'bow island']",canada
2329,"Cowichan River Park, Cowichan Valley, Vancouver Island, British Columbia, Canada",https://i.pinimg.com/236x/7a/6f/3f/7a6f3f66d9b7f2c482a297f11d5ba5eb--river-park-travel-information.jpg,canada,1.0,2161,canada,"['canada', 'cañada', 'canadian', 'la cañada', 'america', 'vancouver', 'ontario', 'united states', 'uk', 'toronto']",canada
2433,Adam Photograph - Moraine Lake And The Valley Of The Ten by Peter Adams,https://render.fineartamerica.com/images/rendered/search/print/images-medium-5/moraine-lake-and-the-valley-of-the-ten-peter-adams.jpg,canada,1.0,2259,no,['no'],canada
2627,Moon Lit Churchill River Valley Panorama,https://pro2-bar-s3-cdn-cf.myportfolio.com/2b74be6172415cc6954ac960bcb3dc9f/b661e0bf-8dae-48c7-b6f2-577d7da12d6c_rw_1920.jpg?h=9826fc8954b4d56aaa9cc6a2c58e940c,canada,1.0,2437,churchill river valley,"['river valley', 'water valley', 'campbell river', 'borough of churchill', 'city of water valley', 'clyde river', 'valley', 'sundays river valley', 'river hills', 'valley stream']",canada
3204,Panorama of Athabasca Valley. The Lakes on left.,https://stevensong978.files.wordpress.com/2013/05/p5180904-07.jpg?w=614&h=208,canada,1.0,2965,athabasca valley,"['athabasca', 'the valley', 'valley', 'atliaca', 'avra valley', 'south valley', 'atzacan', 'atlacahualoya', 'jurupa valley', 'atsinanana region']",canada
3260,1-Toggle 1-Rocker/GFCI Combination Wall Plate Cover - Maligne Lake Glacier Wake Mountain - Valley Bow Parkway,https://images-na.ssl-images-amazon.com/images/I/51BnMxEwOuL.jpg,canada,1.0,3016,maligne lake,"['cottage lake', 'sand lake', 'lake lorraine', 'saranac lake', 'lady lake', 'crystal lake', 'lake montezuma', 'sun lakes', 'sunrise lake', 'camp lake']",canada
3262,Gravel rollers heading toward Pretty River Valley - great scenic look out point,https://images.squarespace-cdn.com/content/v1/5227df7be4b001e9ac027089/1414533394081-BLION5W0FW86TYKJ2PCK/ke17ZwdGBToddI8pDm48kBUDAxm-FLUF-OJf9moK1kV7gQa3H78H3Y0txjaiv_0fDoOvxcdMmMKkDsyUqMSsMWxHk725yiiHCCLfrh8O1z5QPOohDIaIeljMHgDF5CVlOqpeNLcJ80NK65_fV7S1UT_TXfTUFcrrnRvtinoH4JYxq5g0UB9t65pVePltZrd1IKYY7Qu0iTZQJ-GJ4dsqLQ/image-asset.jpeg,canada,1.0,3018,pretty river valley,"['river valley', 'water valley', 'valley', 'valley stream', 'the valley', 'pleasant valley', 'river hills', 'village of valley stream', 'green valley', 'sundays river valley']",canada
3356,"Highlight for Album: Pemberton Valley Photos, British Columbia Stock Photos",http://www.photoscanada.com/gallery/albums/pemberton_valley_british_columbia/pemberton.highlight.jpg,canada,1.0,3105,british columbia,"['british columbia', 'columbia', 'west columbia', 'city of columbia', 'columbia city', 'new columbia', 'town of columbia', 'borough of columbia', 'vancouver', 'city of west columbia']",canada
4173,autumn colours Margaree Valley,https://media-cdn.tripadvisor.com/media/photo-l/0f/04/78/f9/autumn-colours-margaree.jpg,canada,1.0,3870,margaree valley,"['columbine valley', 'valley', 'south valley', 'middle valley', 'the valley', 'mill valley', 'palm valley', 'town of columbine valley', 'lemmon valley', 'deer valley']",canada
4300,Stanley Glacier Valley in Kootenay National Park royalty free stock photography,https://thumbs.dreamstime.com/b/stanley-glacier-valley-kootenay-national-park-trail-bc-canada-54873027.jpg,canada,1.0,3987,kootenay national park,"['kosciuszko national park', 'national park', 'keuka park', 'kurralta park', 'borough of national park', 'kiveton park', 'kobylnica', 'palisades park', 'koontz lake', 'suffolk park']",canada
4640,Drumheller Valley Photograph,http://images.fineartamerica.com/images-medium-large/drumheller-valley-jim-justinick.jpg,canada,1.0,4301,drumheller valley,"['shell valley', 'rock valley', 'valley', 'the valley', 'sandy valley', 'carroll valley', 'valley hill', 'new valley', 'grain valley', 'simi valley']",canada
4854,Songdove Books - Valley View from Myra Canyon,https://i1.wp.com/songdove.fa-ct.com/wordpress-mu/songdovemusings/files/2014/10/IMG-20120806-00100.jpg?fit=350%2C262&ssl=1,united states,1.0,4500,myra canyon,"['canyon', 'american canyon', 'gold canyon', 'grand canyon', 'canyon country', 'copper canyon', 'canyon rim', 'ransom canyon', 'mission canyon', 'black canyon city']",canada
4943,"Moraine Lake, Valley of Ten Peaks",http://wayback.archive-it.org/2217/20101118045905im_/http://www.abheritage.ca/stvincent-stpaul/images/database_images/album1b_postcard_07_det.jpg,canada,1.0,4581,moraine lake,"['mountain lake', 'lakenheath', 'twin lake', 'beech mountain lakes', 'lake in the hills', 'orchard lake', 'lake marcel-stillwater', 'lake ridge', 'north salt lake', 'lake shore']",canada
5052,"Banff Alberta, Bow Valley Parkway, Things to See in Alberta, Beautiful Places in Alberta, Places to visit in Banff, Hiking Trails Alberta,",https://daytripsontario.files.wordpress.com/2017/04/img_8404-copy.jpg?w=878,canada,1.0,4680,banff alberta,"['alberta', 'banff', 'calgary', 'saskatchewan', 'edmonton', 'banissa', 'bánica', 'fraser coast', 'banie', 'city of edmonton']",canada
5249,"Canada, Banff National Park, Valley of the Ten Peaks, Moraine Lake by Jamie & Judy Wild",https://imgc.allpostersimages.com/img/posters/jamie-judy-wild-canada-banff-national-park-valley-of-the-ten-peaks-moraine-lake_u-L-PYOSWP0.jpg?src=gp&w=300&h=375,canada,1.0,4865,canada,"['canada', 'cañada', 'canadian', 'la cañada', 'america', 'vancouver', 'ontario', 'united states', 'uk', 'toronto']",canada
5541,"Fine Art Action scenic of Canada's Snowbirds flying besides the mountains in the Okanagan Valley in British Columbia, Canada. <br /> The formation was perfect as the jets appeared to be resting on a golden plume of smoke.",https://m.psecn.photoshelter.com/img-get/I00002qnvJQACdcI/t/200/I00002qnvJQACdcI.jpg,canada,1.0,5139,canada,"['canada', 'cañada', 'canadian', 'la cañada', 'america', 'vancouver', 'ontario', 'united states', 'uk', 'toronto']",canada
5926,"travelyesplease.com | Larch Valley Hike- Lake Louise, Banff National Park",https://www.travelyesplease.com/wp-content/uploads/2015/09/IMG_8561-Edit-Edit-Edit-2(pp_w480_h320).jpg,canada,1.0,5495,lake louise,"['town of prairie lake', 'lake butler', 'lady lake', 'lake ridge', 'lake charles', 'lake haven', 'liberty lake', 'lakes', 'town of lake', 'twin lake']",canada
6597,Larches and Mountains - Valley of the Ten Peaks,https://m.psecn.photoshelter.com/img-get2/I0000TAtX72YQABs/fill=250x250/fit=/I0000TAtX72YQABs.jpg,canada,1.0,6126,valley of the ten peaks,"['valley heights', 'the valley', 'valley', 'derwent valley', 'the peak', 'middle valley', 'currumbin valley', 'valley hill', 'water valley', 'sudden valley']",canada
37,Mountain view from San Carlos in the Uco Valley.,https://www.gonomad.com/wp-content/uploads/2015/08/7140525435_762ae01ae0_z.jpg?_t=1517826118,chile,1.0,37,uco valley,"['aro valley', 'valley', 'central valley', 'valley city', 'south valley', 'west valley', 'valley center', 'the valley', 'simi valley', 'city of valley']",argentina
4088,Abseiling above the Cerro Torre valley,https://finnmccannadventures.files.wordpress.com/2016/02/abseiling-above-the-cerro-torre-valley.jpg?w=200&h=300,argentina,1.0,3789,cerro torre valley,"['cerro colorado', 'cerro', 'cerro grande', 'cerro santa fe', 'el cerro', 'cerro punta', 'cerro verde', 'oro valley', 'cerro de san francisco', 'cerro guzmán']",argentina
5013,"Mountain valley panorama in Argentina. Panorama of a beautiful mountain valley as seen in Aconcagua National Park, Argentina, South America royalty free stock photography",https://thumbs.dreamstime.com/b/mountain-valley-panorama-argentina-21340027.jpg,argentina,1.0,4644,aconcagua national park,"['acarigua', 'achaguas', 'cagua', 'acacoyagua', 'caucagua', 'acuaco', 'caguas', 'cerro las iguanas', 'chaguanas', 'aceguá']",argentina
5075,"Calchaqui Valley in Tucuman, Argentina stock photos",https://thumbs.dreamstime.com/t/calchaqui-valley-tucuman-argentina-route-s-way-province-northern-48959163.jpg,argentina,1.0,4702,argentina,"['la argentina', 'argentine republic', 'argentine', 'brazil', 'argentona', 'buenos aires', 'brasil', 'italy', 'argenta', 'mexico']",argentina
7243,Hill of seven colors in jujuy argentina cerro de los siete colores the behind purmamarca village the colourful valley quebrada de Royalty Free Stock Photo,https://thumbs.dreamstime.com/m/hill-seven-colors-jujuy-argentina-cerro-de-los-siete-colores-behind-purmamarca-village-colourful-valley-quebrada-de-36347995.jpg,argentina,1.0,6723,jujuy argentina,"['la argentina', 'san salvador de jujuy', 'argentine republic', 'jujuy province', 'jujurieux', 'argentine', 'malvinas argentinas', 'argentona', 'jujutla', 'boca']",argentina
18688,Limay River Valley outside Neuquen Argentina,https://static.wixstatic.com/media/22da91_c3f5f973ac5c4528a4dea9d91c32f998~mv2.jpg,argentina,1.0,17417,argentina,"['la argentina', 'argentine republic', 'argentine', 'brazil', 'argentona', 'buenos aires', 'brasil', 'italy', 'argenta', 'mexico']",argentina
21489,"First light on the Andes from the vineyards of the Uco Valley, Mendoza Province, Argentina - Stock Photo",https://l450v.alamy.com/450v/kdwx2e/first-light-on-the-andes-from-the-vineyards-of-the-uco-valley-mendoza-kdwx2e.jpg,argentina,1.0,20046,argentina,"['la argentina', 'argentine republic', 'argentine', 'brazil', 'argentona', 'buenos aires', 'brasil', 'italy', 'argenta', 'mexico']",argentina
23110,"One of the most advanced civilizations in Latin America, the Quilmes people inhabited what is today known as the Santa Maria Valley in the northwester",https://images.adsttc.com/media/images/610d/4f0f/f91c/8185/3100/0006/large_jpg/shutterstock_1567555888.jpg?1628262147,argentina,1.0,21573,santa maria valley,"['santa maría', 'santa maria', 'city of santa maria', 'santa maria island', 'santa maria-santa barbara, ca metro area', 'villa santa maria', 'santa maría de los ángeles', 'santa maría ixtiyucán', 'santa maría del valle', 'holiday valley']",argentina
24771,"Valle Hermoso, the beautiful valley with the ski resort close, Las Lenas, Argentina",https://static1.bigstockphoto.com/9/8/1/large2/189254719.jpg,argentina,1.0,23119,argentina,"['la argentina', 'argentine republic', 'argentine', 'brazil', 'argentona', 'buenos aires', 'brasil', 'italy', 'argenta', 'mexico']",argentina
27254,Patagonia Just Down The Valley Greeting Card by Summer Celeste,http://render.fineartamerica.com/images/rendered/small/greeting-card/images-medium-5/patagonia-just-down-the-valley-summer-celeste.jpg?transparent=0&targetx=0&targety=-15&imagewidth=700&imageheight=531&modelwidth=700&modelheight=500&backgroundcolor=D7D6CA&orientation=0&producttype=greetingcard,argentina,1.0,25422,patagonia,"['palagonia', 'patalillo', 'patacamaya', 'patāmundai', 'patizia', 'pativilca', 'pattamundai', 'patea', 'patria', 'patía']",argentina
28197,"siete: Los Colorados path in Purmamarca, near Cerro de los Siete Colores (The Hill of Seven Colors), in the colourful valley of Quebrada de Humahuaca in Jujuy Province, northern Argentina.",https://us.123rf.com/450wm/anibaltrejo/anibaltrejo1502/anibaltrejo150200526/37036945-los-colorados-path-in-purmamarca-near-cerro-de-los-siete-colores-the-hill-of-seven-colors--in-the-co.jpg?ver=6,argentina,1.0,26307,argentina,"['la argentina', 'argentine republic', 'argentine', 'brazil', 'argentona', 'buenos aires', 'brasil', 'italy', 'argenta', 'mexico']",argentina
28347,"Sunny Autumn Afternoon By The Andes Mountains In The Valley Of Uspallata, Province Of Mendoza, Argen",https://static1.bigstockphoto.com/2/2/4/large2/422050346.jpg,argentina,1.0,26448,province of mendoza,"['mendoza province', 'ciudad mendoza', 'mendoza', 'corregimiento mendoza', 'san josé de mendoza', 'ojo de agua de mendoza', 'córdoba province', 'province of córdoba', 'salinas de garcía mendoza', 'narciso mendoza']",argentina
30988,"Man hiking in snow in Patagonian valley in spring, Argentina",https://ak.picdn.net/offset/photos/5755c143ba6f6bfc1a4850aa/medium/offset_381966.jpg?DFghwDcb,argentina,1.0,28922,argentina,"['la argentina', 'argentine republic', 'argentine', 'brazil', 'argentona', 'buenos aires', 'brasil', 'italy', 'argenta', 'mexico']",argentina
33679,"Road through Quebrada de Cafayate valley, which is full of colorful rock form Stock Photos",https://images.pond5.com/road-through-quebrada-de-cafayate-photo-084081409_iconm.jpeg,argentina,1.0,31436,quebrada de cafayate,"['quebrada grande', 'cafayate', 'quebrada de arena', 'quebrada', 'quebrada seca', 'corregimiento las guías', 'estación queréndaro', 'abrigada e cabanas de torres', 'cuatro ciénegas de carranza', 'macieira de cambra']",argentina
35001,Green Calchaquí Valley surrounded by mountains in Argentina,https://mediaim.expedia.com/localexpert/246043/b25ea445-3545-4328-97ff-f5736989a1db.jpg?impolicy=resizecrop&rw=1005&rh=565,argentina,1.0,32678,argentina,"['la argentina', 'argentine republic', 'argentine', 'brazil', 'argentona', 'buenos aires', 'brasil', 'italy', 'argenta', 'mexico']",argentina
38119,"Full-day Cafayate, Lerma Valley, and Wine Tasting from Salta",https://media.tacdn.com/media/attractions-splice-spp-674x446/06/70/65/24.jpg,argentina,1.0,35590,salta,"['salta', 'salto', 'saltara', 'salta province', 'saltash', 'saltangará', 'salteras', 'saltora', 'sala', 'šaľa']",argentina
45295,"Andes mountains and Valle Hermoso valley near Las Lenas. Argentina, South America",https://images.assetsdelivery.com/compings_v2/jackf/jackf1705/jackf170504332.jpg,argentina,1.0,42261,argentina,"['la argentina', 'argentine republic', 'argentine', 'brazil', 'argentona', 'buenos aires', 'brasil', 'italy', 'argenta', 'mexico']",argentina
48015,"vast open landscape in Patagonia with dramatic sky and a rainbow over a valley, snow covered mountains of the Andes in the background",https://image.shutterstock.com/image-photo/stock-photo-vast-open-landscape-in-patagonia-with-dramatic-sky-and-a-rainbow-over-a-valley-snow-covered-250nw-1857406312.jpg,argentina,1.0,44807,patagonia,"['palagonia', 'patalillo', 'patacamaya', 'patāmundai', 'patizia', 'pativilca', 'pattamundai', 'patea', 'patria', 'patía']",argentina
48953,"Layered sedimentary rocks in the colorful valley of the Rio Grande (Spanish for 'great river'), south of Mendoza Province, Argentina",https://static.zoonar.de/img/www_repository7/d2/63/22/9_c048192adf544127e348285d37a3ddc6.jpg,argentina,1.0,45699,mendoza province,"['mendoza province', 'ciudad mendoza', 'mendoza', 'corregimiento mendoza', 'san josé de mendoza', 'córdoba province', 'ojo de agua de mendoza', 'narciso mendoza', 'province of córdoba', 'tokyo prefecture']",argentina
51047,"Vineyard in springtime Expanse of vineyard at foot of the snowy Andes. Uco valley, Tupungato, Mendoza, Argentina. Argentina stock pictures, royalty-free photos & images",https://media.istockphoto.com/photos/vineyard-in-springtime-picture-id473562992?k=6&m=473562992&s=612x612&w=0&h=jZJT2pG19nNDCZ_0guTxZKAYxGPWqnkaYc6oZMS1nbM=,argentina,1.0,47670,argentina,"['la argentina', 'argentine republic', 'argentine', 'brazil', 'argentona', 'buenos aires', 'brasil', 'italy', 'argenta', 'mexico']",argentina
53046,Timelapse of clouds moving across an Argentina valley Stock Footage,https://images.pond5.com/timelapse-clouds-moving-across-argentina-footage-090878618_iconm.jpeg,argentina,1.0,49554,argentina,"['la argentina', 'argentine republic', 'argentine', 'brazil', 'argentona', 'buenos aires', 'brasil', 'italy', 'argenta', 'mexico']",argentina
60435,View of Aconcagua up the Horcones valley,https://www.adventurealternative.com/media/201055/aconcagua-horcones-valley.jpg?anchor=center&mode=crop&width=353&height=380&rnd=131074346200000000,argentina,1.0,56433,aconcagua,"['acarigua', 'achaguas', 'acacoyagua', 'aceguá', 'apacilagua', 'cagua', 'aricagua', 'acuaco', 'cogua', 'caucagua']",argentina
60996,View on the Andean Mountains from valley near Las Lenas in Argentina,https://us.123rf.com/450wm/jackf/jackf1811/jackf181111934/112716458-view-on-the-andean-mountains-from-valley-near-las-lenas-in-argentina.jpg?ver=6,argentina,1.0,56959,argentina,"['la argentina', 'argentine republic', 'argentine', 'brazil', 'argentona', 'buenos aires', 'brasil', 'italy', 'argenta', 'mexico']",argentina
64533,Argentina - 1584 - Full day Wineries - Uco Valley Salentein Winery - Mendoza - Wine table,https://hub.holidayexecutives.com/app/uploads/2020/10/Aliwen-Incoming-Full-day-Wineries-Uco-Valley-Salentein-Winery-Mendoza-1024x682.jpg,argentina,1.0,60265,argentina,"['la argentina', 'argentine republic', 'argentine', 'brazil', 'argentona', 'buenos aires', 'brasil', 'italy', 'argenta', 'mexico']",argentina
65273,View overlooking the valley leaving San Martin de los Andes.,https://images.squarespace-cdn.com/content/555d4097e4b0902ed19f5e04/1450655913896-8RPNK483OQVV4CU28TEL/?format=1000w&content-type=image%2Fjpeg,chile,1.0,60957,san martin de los andes,"['san martín de los andes', 'los andes', 'san miguel de la paz', 'san andrés de los gama', 'san pablo de las salinas', 'san vicente de la sonsierra', 'san pablo de los montes', 'san francisco de la paz', 'san juan de los platanos', 'departamento de san martín']",argentina
50,Paro Town and Valley,http://a4.pbase.com/t3/19/688619/4/124553269.fEBOABXw.jpg,bhutan,1.0,50,paro town and valley,"['aro valley', 'west puente valley', 'city of valley', 'town of little valley', 'valley city', 'town of chino valley', 'town of great valley', 'the valley', 'town of green valley', 'valley']",bhutan
1774,Punakha valley,http://www.planetstillalive.com/wp-content/themes/viuu/timthumb.php?src=https://www.planetstillalive.com/wp-content/uploads/2013/12/06-11-13_0932AR-1024x768.jpg&w=190&h=134&a=c&q=100,bhutan,1.0,1650,punakha valley,"['punākha', 'valley', 'the valley', 'coromandel valley', 'longtharai valley', 'sun valley', 'mākaha valley', 'water valley', 'holiday valley', 'new valley']",bhutan
4049,visit the valley of apro things to do in bhutan,https://theplanetd.com/images/things-to-do-in-bhutan-paro.jpg,bhutan,1.0,3750,bhutan,"['kingdom of bhutan', 'nepal', 'nepalgunj', 'mongolia', 'punakha dzongkhag', 'chhukha dzongkhag', 'turkmenistan', 'kingdom of cambodia', 'tibet autonomous region', 'state of uttarākhand']",bhutan
5126,"Paro Taktsang, is the popular name of Taktsang Palphug Monastery (also known as The Tiger's Nest), a prominent Himalayan Buddhist sacred site and temple complex, located in the cliffside of the upper Paro valley, Bhutan. A temple complex was first built in 1692.",https://i.pinimg.com/736x/9a/35/eb/9a35ebf67512c5db4353f1a0c134c89e.jpg,bhutan,1.0,4752,bhutan,"['kingdom of bhutan', 'nepal', 'nepalgunj', 'mongolia', 'punakha dzongkhag', 'chhukha dzongkhag', 'turkmenistan', 'kingdom of cambodia', 'tibet autonomous region', 'state of uttarākhand']",bhutan
7831,9-Day Cultural Tour that extends to Gangtey and Haa Valley,https://adventureswithinreach.com/wp-content/uploads/TripImages/trip128-1024x576.jpg,bhutan,1.0,7265,gangtey,"['ganges', 'gånghester', 'gangelt', 'gangloffsömmern', 'gangi', 'gangte circle', 'gangoh', 'gângiova', 'gangneung', 'gangolli']",bhutan
8924,Haa Valley,https://www.bhutanjeweltravel.com/wp-content/themes/BhutanJewelTravels_2/images/Top_places/image15.jpg,india,1.0,8298,haa valley,"['valley', 'the valley', 'huon valley', 'aro valley', 'west valley', 'sky valley', 'avra valley', 'happy valley', 'long valley', 'new valley']",bhutan
10576,"Paro Taktsang temple enveloped in fog in upper Paro valley, Bhutan.",https://ak.picdn.net/offset/photos/58261bddba6f6bfc1a4982ff/medium/offset_460365.jpg?DFghwDcb,bhutan,1.0,9830,bhutan,"['kingdom of bhutan', 'nepal', 'nepalgunj', 'mongolia', 'punakha dzongkhag', 'chhukha dzongkhag', 'turkmenistan', 'kingdom of cambodia', 'tibet autonomous region', 'state of uttarākhand']",bhutan
15907,View toward the head of the Nikka Chhu valley.,http://graphics8.nytimes.com/images/2012/10/16/science/16scientist-mountains/16scientist-mountains-blog480.jpg,bhutan,1.0,14814,no,['no'],bhutan
19016,Punakha valley,https://www.swantour.com/blogs/wp-content/uploads/2018/06/Punakha-valley.jpg,bhutan,1.0,17721,punakha valley,"['punākha', 'valley', 'the valley', 'coromandel valley', 'longtharai valley', 'sun valley', 'mākaha valley', 'water valley', 'holiday valley', 'new valley']",bhutan
19653,bhutan386: Bhutan - Ura valley - House and mountains covered with snow - photo by A.Ferrari - (c) Travel-Images.com - Stock Photography agency - Image Bank,http://www.travel-images.com/pht/bhutan386.jpg,bhutan,1.0,18321,bhutan,"['kingdom of bhutan', 'nepal', 'nepalgunj', 'mongolia', 'punakha dzongkhag', 'chhukha dzongkhag', 'turkmenistan', 'kingdom of cambodia', 'tibet autonomous region', 'state of uttarākhand']",bhutan
20011,"River at the bottom of the valley en route to Lhedi, Gasa District, Snowman Trek, Bhutan Stock Photo",https://c8.alamy.com/comp/T5RGM3/river-at-the-bottom-of-the-valley-en-route-to-lhedi-gasa-district-snowman-trek-bhutan-T5RGM3.jpg,bhutan,1.0,18650,bhutan,"['kingdom of bhutan', 'nepal', 'nepalgunj', 'mongolia', 'punakha dzongkhag', 'chhukha dzongkhag', 'turkmenistan', 'kingdom of cambodia', 'tibet autonomous region', 'state of uttarākhand']",bhutan
23551,"Taktshang monastery, Bhutan. Tigers Nest Monastery also know as Taktsang Palphug Monastery. Located in the cliffside of the upper Paro valley, in Bhutan Royalty Free Stock Images",https://thumbs.dreamstime.com/t/taktshang-monastery-bhutan-tigers-nest-also-know-as-taktsang-palphug-located-cliffside-upper-paro-valley-83184889.jpg,bhutan,1.0,21982,bhutan,"['kingdom of bhutan', 'nepal', 'nepalgunj', 'mongolia', 'punakha dzongkhag', 'chhukha dzongkhag', 'turkmenistan', 'kingdom of cambodia', 'tibet autonomous region', 'state of uttarākhand']",bhutan
24952,Me looking out at the valley of Paro in Bhutan,https://www.annees-de-pelerinage.com/wp-content/uploads/2019/11/20191028-DSC00261-1021x580.jpg,bhutan,1.0,23291,bhutan,"['kingdom of bhutan', 'nepal', 'nepalgunj', 'mongolia', 'punakha dzongkhag', 'chhukha dzongkhag', 'turkmenistan', 'kingdom of cambodia', 'tibet autonomous region', 'state of uttarākhand']",bhutan
26479,Village kids along the Paro Valley,https://monkeystale.files.wordpress.com/2018/04/3l4a6358-20.jpg?w=970,bhutan,1.0,24705,paro valley,"['aro valley', 'valley', 'west puente valley', 'the valley', 'water valley', 'spot valley', 'green valley', 'central valley', 'chino valley', 'moapa valley']",bhutan
31831,"Monk and Farmlands in the Phobjikha Valley, Gangtey Village, Bhutan Fotografisk tryk af Keren Su",http://cache2.allpostersimages.com/sml/27/2726/2GXND00Z.jpg,bhutan,1.0,29713,bhutan,"['kingdom of bhutan', 'nepal', 'nepalgunj', 'mongolia', 'punakha dzongkhag', 'chhukha dzongkhag', 'turkmenistan', 'kingdom of cambodia', 'tibet autonomous region', 'state of uttarākhand']",bhutan
33690,Wangdue valley,http://wangduephodrang.gov.bt/sites/wangduephodrang.gov.bt/files/styles/banner/public/2018-05/Wangdue%20Valley.jpg?h=654bb5f2&itok=BBZgpvET,bhutan,1.0,31446,wangdue valley,"['wangchang', 'wang san', 'wangjia', 'wañgan', 'wang wa', 'wangdue phodrang', 'wang', 'valley', 'wanguri', 'chino valley']",bhutan
35837,Bumthang Valley,https://travelchronicles.net/wp-content/uploads/2017/09/Bumthang-Valley-1.jpg,bhutan,1.0,33455,bumthang valley,"['valley', 'the valley', 'happy valley', 'pleasant valley', 'grass valley', 'day valley', 'spot valley', 'north valley', 'bega valley', 'holiday valley']",bhutan
47492,"View across the Paro Valley from the Tiger's Nest Monastery (Taktsang), Bhutan",https://m.psecn.photoshelter.com/img-get2/I0000K3DJbfCaE7A/fit=1000x750/AS-00-21-19.jpg,bhutan,1.0,44315,bhutan,"['kingdom of bhutan', 'nepal', 'nepalgunj', 'mongolia', 'punakha dzongkhag', 'chhukha dzongkhag', 'turkmenistan', 'kingdom of cambodia', 'tibet autonomous region', 'state of uttarākhand']",bhutan
49864,Punakha valley,https://i1.wp.com/www.onceinalifetimejourney.com/wp-content/uploads/2016/12/editP1270947.jpg?resize=1152%2C864&,bhutan,1.0,46565,punakha valley,"['punākha', 'valley', 'the valley', 'coromandel valley', 'longtharai valley', 'sun valley', 'mākaha valley', 'water valley', 'holiday valley', 'new valley']",bhutan
50592,021_Paro Valley  Set in what is considered to be the most beautiful of the main valleys  2280m,https://photos.smugmug.com/Around-the-World/Asia/201608-Bhutan/i-D2cHkdG/0/cf912fd4/S/021_Paro%20Valley.%20Set%20in%20what%20is%20considered%20to%20be%20the%20most%20beautiful%20of%20the%20main%20valleys.%202280m-S.jpg,chile,1.0,47252,paro valley,"['aro valley', 'valley', 'west puente valley', 'the valley', 'water valley', 'spot valley', 'green valley', 'central valley', 'chino valley', 'moapa valley']",bhutan
50704,View of the Phobjikha Valley in Central Bhutan,https://www.geoex.com/app/uploads/2019/07/central-bhutan-phobjikha-valley-trek-844x844.jpg,bhutan,1.0,47356,bhutan,"['kingdom of bhutan', 'nepal', 'nepalgunj', 'mongolia', 'punakha dzongkhag', 'chhukha dzongkhag', 'turkmenistan', 'kingdom of cambodia', 'tibet autonomous region', 'state of uttarākhand']",bhutan
50768,The Paro valley and red chiles drying on a rooftop.,https://madventuresdotme.files.wordpress.com/2013/10/p1030320.jpg?w=470,bhutan,1.0,47417,paro valley,"['aro valley', 'valley', 'west puente valley', 'the valley', 'water valley', 'spot valley', 'green valley', 'central valley', 'chino valley', 'moapa valley']",bhutan
54510,"Taktsang is perched on a cliff 2,000 feet above the Paro Valley",https://3lce0g2z2t1yvbav31sx1z1g-wpengine.netdna-ssl.com/wp-content/uploads/2014/12/Taktsang-780x468.jpg,bhutan,1.0,50913,paro valley,"['aro valley', 'valley', 'west puente valley', 'the valley', 'water valley', 'spot valley', 'green valley', 'central valley', 'chino valley', 'moapa valley']",bhutan
69224,Uma Punakha -Accommodation - View from Valley View Room Terrace,https://enticingbhutan.com.au/tours-and-treks/lib/images/gallery/Uma%20Punakha%20-Accommodation%20-%20View%20from%20Valley%20View%20Room%20Terrace%20-%20www.EnticingBhutan.com.au-xs.jpg,bhutan,1.0,64625,punakha,"['punākha', 'satakha', 'kuakhia', 'punakha dzongkhag', 'şalākhid', 'punuare', 'punata', 'punghina', 'punganūru', 'shamakhi']",bhutan
72097,Jess posing in Punakha Valley,https://blogcms.scottdunn.com/?imgid=7335&type=smallest,bhutan,1.0,67313,punakha valley,"['punākha', 'valley', 'the valley', 'coromandel valley', 'longtharai valley', 'sun valley', 'mākaha valley', 'water valley', 'holiday valley', 'new valley']",bhutan
55,Great azure alpine lake Vorderer Gosausee. Picturesque and gorgeous morning scene. Salzkammergut is a famous resort area located in the Gosau Valley in Upper Austria. Dachstein glacier. Beauty world. Stock Photo,https://us.123rf.com/450wm/leonidtit/leonidtit1711/leonidtit171100032/90446522-great-azure-alpine-lake-vorderer-gosausee-picturesque-and-gorgeous-morning-scene-salzkammergut-is-a-.jpg?ver=6,austria,1.0,54,upper austria,"['republic of austria', 'vienna', 'upper bavaria', 'salzburg', 'new vienna', 'viennay', 'lower bavaria', 'town of vienna', 'tyrol', 'salzburg stadt']",austria
893,"Wachau Valley, Austria, Danube River",https://www.wirelesstraveler.com/wp-content/uploads/2015/05/austria-wachau-danube-e1431101460334.jpg?w=300,austria,1.0,835,austria,"['republic of austria', 'vienna', 'viennay', 'salzburg', 'hungary', 'new vienna', 'tyrol', 'town of vienna', 'city of vienna', 'salzburg stadt']",austria
2729,"View of the alpine lake in the valley Zillertal, Austrian Alps",https://t1.ftcdn.net/jpg/00/65/35/86/240_F_65358687_l3h6cXatAsW9TyYnkB0Rb7rQNtRMX8c9.jpg,austria,1.0,2530,zillertal,"['zwiesel', 'ried im zillertal', 'zlonice', 'zirl', 'zillebeke', 'zizurkil', 'zoyotla', 'zirndorf', 'hart im zillertal', 'zozutla']",austria
3310,"Sunny Day In Wachau Valley. Landscape Of Vineyards And Danube River At Weissenkirchen, Austria",https://static1.bigstockphoto.com/8/6/3/large2/368577553.jpg,austria,1.0,3063,austria,"['republic of austria', 'vienna', 'viennay', 'salzburg', 'hungary', 'new vienna', 'tyrol', 'town of vienna', 'city of vienna', 'salzburg stadt']",austria
3598,"The medieval Schonbuhel castle, built on a rock on Danube river is a main historical landmark and popular tourist attraction in Wachau valley, a UNESCO cultural landscape, Austria",https://image.shutterstock.com/image-photo/stock-photo-the-medieval-schonbuhel-castle-built-on-a-rock-on-danube-river-is-a-main-historical-landmark-and-250nw-1484416304.jpg,austria,1.0,3331,austria,"['republic of austria', 'vienna', 'viennay', 'salzburg', 'hungary', 'new vienna', 'tyrol', 'town of vienna', 'city of vienna', 'salzburg stadt']",austria
3735,Yellow grapeyard in the Wachau valley in Austria royalty free stock images,https://thumbs.dreamstime.com/t/yellow-grapeyard-wachau-valley-austria-man-his-dog-guarding-grapes-autumn-104941479.jpg,austria,1.0,3459,austria,"['republic of austria', 'vienna', 'viennay', 'salzburg', 'hungary', 'new vienna', 'tyrol', 'town of vienna', 'city of vienna', 'salzburg stadt']",austria
3775,Quadro in vetro - Mountains and valley of the Lechtal Alps in Tirol - Panoramico,https://www.bilderwelten.it/img/370/370/resize/_/g/_g_l_glasbild-berge-und-tal-der-lechtaler-alpen-im-tiro_1_.jpg,austria,1.0,3498,tirol,"['tirol', 'tirolo/tirol', 'tirolo', 'tirtol', 'buch in tirol', 'tigre', 'tignère', 'tibro', 'hall in tirol', 'tizit']",austria
4727,Panoramic view of Danube Valley near the city of Krems at the exit of the Wachau Region,https://image.shutterstock.com/image-photo/panoramic-view-danube-valley-near-260nw-104917646.jpg,austria,1.0,4383,krems,"['kremmen', 'krempe', 'korem', 'krems in kärnten', 'kremnica', 'křemže', 'kremenki', 'kremastí', 'kumalisquis', 'kremenets']",austria
5858,panorama aerial view of Durnstein village situated in wachau valley in Austria - stock photo,https://thumb1.shutterstock.com/image-photo/stock-photo-panorama-aerial-view-of-durnstein-village-situated-in-wachau-valley-in-austria-450w-412701790.jpg,austria,1.0,5436,austria,"['republic of austria', 'vienna', 'viennay', 'salzburg', 'hungary', 'new vienna', 'tyrol', 'town of vienna', 'city of vienna', 'salzburg stadt']",austria
5971,Ski slope skiing resort alpes valley montafon Royalty Free Stock Photography,https://thumbs.dreamstime.com/m/ski-slope-skiing-resort-alpes-valley-montafon-30074627.jpg,austria,1.0,5538,montafon,"['montberon', 'montgeron', 'montfaucon', 'montizón', 'montbeton', 'montfrin', 'montoison', 'montbrison', 'montluçon', 'montalvin']",austria
6662,Spectacular: Aggstein Castle and the Wachau Valley (above),https://i.dailymail.co.uk/i/newpix/2018/07/28/14/4EA472A300000578-0-image-a-26_1532784734806.jpg,austria,1.0,6187,wachau valley,"['wachau', 'town of wausau', 'wausau', 'wau', 'valley', 'west valley', 'chino valley', 'city of wausau', 'mākaha valley', 'lake wazeecha']",austria
6693,"view  of the town from Walmendinger Horn, Mittelberg, little Walser valley, Austria - Stock Photo",https://l450v.alamy.com/450v/pfpa5f/view-of-the-town-from-walmendinger-horn-mittelberg-little-walser-valley-austria-pfpa5f.jpg,austria,1.0,6217,austria,"['republic of austria', 'vienna', 'viennay', 'salzburg', 'hungary', 'new vienna', 'tyrol', 'town of vienna', 'city of vienna', 'salzburg stadt']",austria
7965,"Beautiful landscape of valley in Alpine mountains, small trail, hike root, majestic picturesque view in sunny day",https://static2.bigstockphoto.com/thumbs/6/0/1/large2/106532054.jpg,austria,1.0,7392,no,['no'],austria
8100,"Kufstein wit Inntal (Inn river valley) and Wilder and Zahmer Kaiser mountains in the background at sunset photographed from mount Pendling, Tyrol, Austria",https://image.shutterstock.com/image-photo/kufstein-wit-inntal-inn-river-260nw-563472541.jpg,austria,1.0,7519,austria,"['republic of austria', 'vienna', 'viennay', 'salzburg', 'hungary', 'new vienna', 'tyrol', 'town of vienna', 'city of vienna', 'salzburg stadt']",austria
8583,Travelers enjoy the view of the mountain valley. Travel and active life concept with team. Adventure and travel in the mountains region in the Austria,https://t4.ftcdn.net/jpg/04/53/77/57/360_F_453775700_eAPvweioHahNyjexuMxZ1xIQij0HLMS3.jpg,austria,1.0,7974,austria,"['republic of austria', 'vienna', 'viennay', 'salzburg', 'hungary', 'new vienna', 'tyrol', 'town of vienna', 'city of vienna', 'salzburg stadt']",austria
8671,Amazing green valley in Tyrol wallpaper,https://cdn.suwalls.com/wallpapers/nature/amazing-green-valley-in-tyrol-51739-400x250.jpg,austria,1.0,8055,tyrol,"['tyrol', 'innsbruck', 'silesia', 'bavaria', 'salzburg', 'czech silesia', 'innsbruck stadt', 'bohemia', 'switzerland', 'canton']",austria
8851,View from above Valley winter golling austria royalty free stock image,https://thumbs.dreamstime.com/b/view-above-valley-winter-golling-austria-epic-shot-rossfeld-panorama-street-to-very-nice-sunset-106896216.jpg,austria,1.0,8227,austria,"['republic of austria', 'vienna', 'viennay', 'salzburg', 'hungary', 'new vienna', 'tyrol', 'town of vienna', 'city of vienna', 'salzburg stadt']",austria
10219,"Llama tour at the summit of Ederplan Mountain in the Defregger Group, Carnic Dolomites, Upper Lienz, Puster Valley, East Tyrol, Austria, Europe",https://www.robertharding.com/watermark.php?type=preview&im=RM/RH/HORIZONTAL/832-372018,austria,1.0,9500,austria,"['republic of austria', 'vienna', 'viennay', 'salzburg', 'hungary', 'new vienna', 'tyrol', 'town of vienna', 'city of vienna', 'salzburg stadt']",austria
10551,Wall Mural - Scenic Austrian Almtal Valley Almsee Lake,https://t4.ftcdn.net/jpg/03/66/35/29/240_F_366352982_sfkanx5Omx1szczW4wjD5JEUMFrZPE18.jpg,austria,1.0,9806,austrian,"['republic of austria', 'vienna', 'viennay', 'salzburg', 'bavaria', 'tyrol', 'new vienna', 'hungary', 'salzburg stadt', 'windisch']",austria
12481,"Wachau Valley, Austria. The Medieval Town Of Durnstein Along The Danube River. poster",https://static2.bigstockphoto.com/thumbs/0/1/3/small2/310516012.jpg,austria,1.0,11623,austria,"['republic of austria', 'vienna', 'viennay', 'salzburg', 'hungary', 'new vienna', 'tyrol', 'town of vienna', 'city of vienna', 'salzburg stadt']",austria
14306,"Hallstatt landscape, Salzburg. Mountain lake, Alpine massif, beautiful canyon in Austria. Alpine valley in summer clear water. Healthy virgin mountain nature, vacation destination, bird perspective.",https://static2.bigstockphoto.com/0/0/2/large2/200648914.jpg,austria,1.0,13321,austria,"['republic of austria', 'vienna', 'viennay', 'salzburg', 'hungary', 'new vienna', 'tyrol', 'town of vienna', 'city of vienna', 'salzburg stadt']",austria
14419,Mountains valley and peaks landscape natural environment. Hiking in the alps. Tirol Austria Europe,https://static2.bigstockphoto.com/5/1/2/large2/215364877.jpg,austria,1.0,13427,austria,"['republic of austria', 'vienna', 'viennay', 'salzburg', 'hungary', 'new vienna', 'tyrol', 'town of vienna', 'city of vienna', 'salzburg stadt']",austria
15163,"Dark gloomy winter landscape with snow in a mountain valley with village, forested peaks and grey clouds in the Austrian alps",https://t4.ftcdn.net/jpg/01/99/93/73/240_F_199937312_eIibILIJlEmtplg1QK7z4cgeKvEjELQi.jpg,austria,1.0,14125,austrian alps,"['tyrol', 'salzburg', 'innsbruck', 'zürich', 'salzburg stadt', 'innsbruck stadt', 'minami-alps', 'vienna', 'bavaria', 'politischer bezirk innsbruck land']",austria
15838,Panoramic View From Village Puergg Over Valley Ennstal To Sunset Over Mountains Gumpeneck And Hangof,https://static3.bigstockphoto.com/6/8/2/large2/286400995.jpg,austria,1.0,14752,puergg,"['pulumer', 'puig', 'pulo', 'pussay', 'pulgar', 'puok', 'puliyūr', 'puksoozero', 'pucté', 'purpe']",austria
16077,"Cry me a river: The Danube flows through ten countries. Pictured here is Durnstein in Wachau Valley, Austria",https://i.dailymail.co.uk/1s/2019/01/12/14/8435284-6584207-image-a-49_1547302130555.jpg,austria,1.0,14976,austria,"['republic of austria', 'vienna', 'viennay', 'salzburg', 'hungary', 'new vienna', 'tyrol', 'town of vienna', 'city of vienna', 'salzburg stadt']",austria
109,Gorge Walking in the Duddon Valley,https://www.riverdeepmountainhigh.co.uk/wp-content/uploads/2018/02/efbe2-16-08-05fdgorge2b2528452529-500x250.jpg,united kingdom,1.0,104,duddon valley,"['huon valley', 'valley', 'the valley', 'new valley', 'lemmon valley', 'city of valley', 'valley hill', 'valley city', 'river valley', 'pleasant valley']",united kingdom
113,Image for Wye Valley - New Naturalist # 105,https://www.fosterbooks.co.uk/assets/images/product/32948.jpg,united kingdom,1.0,108,wye valley,"['west valley', 'valley', 'west valley city', 'east valley', 'water valley', 'wye', 'the valley', 'valley east', 'west wyalong', 'green valley']",united kingdom
511,"Wheal Jenkin & Marke Valley Consols, Cornwall - April 19, 2017",https://photos.smugmug.com/Industrial-Archaeology/Mines-of-Devon-Cornwall/Wheal-Jenkin/i-8LJLz2D/3/0d9131ee/L/L2017_0966-L.jpg,cornwall (united kingdom),1.0,476,cornwall,"['cornwall', 'town of cornwall', 'borough of cornwall', 'cornish', 'town of cornish', 'village of cornwall-on-hudson', 'gloucestershire', 'south gloucestershire', 'bristol', 'somerset']",united kingdom
648,"Looking up the Garw Valley South Wales, Canvas Print",https://www.canvasofwales.co.uk/wp-content/uploads/2018/12/297938001543769479-c-600x450.jpg,united kingdom,1.0,606,south wales,"['north wales', 'wales', 'cardiff south', 'state of new south wales', 'south glamorgan', 'town of wales', 'village of wales', 'south gloucestershire', 'south brighton', 'south london']",united kingdom
672,Knockmany Hill Clougher Valley County Tyrone Northern Ireland Greeting Card by Joe Fox,https://render.fineartamerica.com/images/rendered/medium/greeting-card/images-medium/knockmany-hill-clougher-valley-county-tyrone-northern-ireland-joe-fox.jpg,united kingdom,1.0,628,northern ireland,"['northern ireland', 'ireland', 'ulster', 'belfast', 'united kingdom of great britain and northern ireland', 'south dublin', 'dublin', 'mid ulster', 'irish town', 'north tipperary']",united kingdom
676,"Sub-zero: Sunrise at Slemish Mountain in the Braid Valley, Ballymena, Co Antrim, today",https://i.dailymail.co.uk/i/pix/2010/12/17/article-1339149-0C849EB4000005DC-791_634x323.jpg,united kingdom,1.0,632,co antrim,"['antrim', 'town of antrim', 'antrim borough', 'mid and east antrim', 'antrim county', 'county antrim', 'antrim and newtownabbey', 'north tipperary', 'belfast', 'armagh']",united kingdom
698,Valley View - Yorkshire Dales - 949975 - thumbnail photo 20,https://images1.sykesassets.co.uk/assets/_files/cached/property/272x204/949975/sc_14805150905632_949975_15.jpg?access=929T721T840,united kingdom,1.0,652,yorkshire dales,"['yorkshire', 'town of yorkshire', 'yorkshire and the humber', 'west yorkshire', 'north yorkshire', 'south yorkshire', 'town of dale', 'east riding of yorkshire', 'derbyshire dales district', 'dale']",united kingdom
728,Ribble Valley,http://s0.geograph.org.uk/photos/07/22/072292_fbb7fdb5.jpg,united kingdom,1.0,680,ribble valley,"['ribble valley district', 'rib mountain', 'town of rib mountain', 'valley', 'the valley', 'river valley', 'rock valley', 'pine valley', 'carroll valley', 'valley glen']",united kingdom
977,The Green Drive (Burbage Valley),https://m.psecn.photoshelter.com/img-get2/I00007XXUlLS9bQ0/fit=1000x750/Burbage-FPF19010-9305PS.jpg,united kingdom,1.0,917,burbage valley,"['west valley', 'valley', 'the valley', 'north boambee valley', 'river valley', 'central valley', 'south valley', 'meander valley', 'west valley city', 'simi valley']",united kingdom
1003,View of Langdale Valley in the Lake District,https://mikeosbornphoto.files.wordpress.com/2021/01/valley-view.jpg?w=1024,united kingdom,1.0,942,lake district,"['south lakeland district', 'lake city', 'lake village', 'town of lake', 'town of lakeview', 'lake county', 'lakeview', 'village of lakeview', 'city of lake village', 'city of lakeway']",united kingdom
1027,The valley of Nookton Burn,http://s0.geograph.org.uk/photos/71/85/718588_3205aff6.jpg,united kingdom,1.0,965,no,['no'],united kingdom
1199,VIEW OF ESK VALLEY FROM MUNCASTER CASTLE WEST CUMBRIA POSTCARD,https://thumbs.ebaystatic.com/images/g/yYIAAOSwKrhVWzyx/s-l225.jpg,united kingdom,1.0,1123,west cumbria,"['cumbria', 'west yorkshire', 'lancashire', 'west lancashire district', 'west midlands', 'northumberland', 'cheshire west and chester', 'cheshire east', 'northern midlands', 'cheshire']",united kingdom
1367,"Free Stunning Back Tor, Overlooking The Beautiful Upper Derwent Valley, Peak District National Park Royalty Free Stock Photo - 110645995",https://thumbs.dreamstime.com/t/stunning-back-tor-overlooking-the-beautiful-upper-derwent-valley-peak-district-national-park-110645995.jpg,united kingdom,1.0,1275,peak district national park,"['high peak district', 'peak hill', 'summit park', 'district heights', 'city of district heights', 'hills district', 'peakhurst heights', 'mountain park', 'high peak', 'park hills']",united kingdom
1580,"A snow filled valley in between mountains and a cloudy, blue sky in Cairngorms National Park in Scotland",https://images.unsplash.com/photo-1453730019600-1520739a3c90?ixlib=rb-0.3.5&amp;ixid=eyJhcHBfaWQiOjEyMDd9&amp;s=c734afb61f94f3abd9778f8dcde23215&amp;dpr=1&amp;auto=format&amp;fit=crop&amp;w=1000&amp;q=80&amp;cs=tinysrgb,united kingdom,1.0,1471,scotland,"['scotland', 'glasgow', 'edinburgh', 'england', 'town of scotland', 'ireland', 'scotland county', 'aberdeenshire', 'the scottish borders', 'northern ireland']",united kingdom
1602,Rain clouds over a mountain valley in Scotland — Stock Photo #48010583,http://st.depositphotos.com/1158226/4801/i/450/depositphotos_48010583-Rain-clouds-over-a-mountain-valley-in-Scotland.jpg,united kingdom,1.0,1493,scotland,"['scotland', 'glasgow', 'edinburgh', 'england', 'town of scotland', 'ireland', 'scotland county', 'aberdeenshire', 'the scottish borders', 'northern ireland']",united kingdom
2016,Snowdonia Mountains Tryfan and Ogwen Valley Wales Stock Footage,https://d1hw6n3yxknhky.cloudfront.net/060365137_iconm.jpeg,united kingdom,1.0,1875,wales,"['wales', 'north wales', 'town of wales', 'village of wales', 'welsh', 'cardiff', 'wrexham', 'town of welsh', 'lake wales', 'cardiff south']",united kingdom
2104,"Two female hikers on top of the mountain enjoying valley view, Ben A'an, Loch Katrina, Highlands, Scotland, UK #219655714",https://image.shutterstock.com/image-photo/stock-photo-two-female-hikers-on-top-of-the-mountain-enjoying-valley-view-ben-a-an-loch-katrina-highlands-450w-219655714.jpg,united kingdom,1.0,1954,scotland,"['scotland', 'glasgow', 'edinburgh', 'england', 'town of scotland', 'ireland', 'scotland county', 'aberdeenshire', 'the scottish borders', 'northern ireland']",united kingdom
2432,"Rural view with stile in spring on the Cerne Valley Trail, Dorset, England.",https://natureinfocus.files.wordpress.com/2016/09/p1240250seasonaltransitionsstile5.jpg?w=252&,united kingdom,1.0,2258,england,"['england', 'brazil', 'scotland', 'holland', 'brasil', 'ireland', 'italy', 'east of england', 'uk', 'wales']",united kingdom
2473,Little Langdale Valley,http://www.onextrapixel.com/wp-content/uploads/2012/07/uwa-39.jpg,united kingdom,1.0,2294,little langdale valley,"['little valley', 'village of little valley', 'town of little valley', 'little cottonwood creek valley', 'village of hillsdale', 'teays valley', 'valley', 'valley cottage', 'petit valley', 'the valley']",united kingdom
2781,The Valley Of The Rocks Carry-all Pouch,https://render.fineartamerica.com/images/rendered/medium/flat/pouch/images/artworkimages/medium/2/1-the-valley-of-the-rocks-smart-aviation.jpg?&targetx=0&targety=-20%E2%84%91width=777%E2%84%91height=514&modelwidth=777&modelheight=474&backgroundcolor=B0CDF0%E2%88%A8ientation=0,south africa,1.0,2575,the valley of the rocks,"['rock valley', 'the valley', 'valley', 'city of rock valley', 'cave valley', 'the rocks', 'water valley', 'grain valley', 'sandy valley', 'coal valley']",united kingdom
2786,Bench overlooking Bassenthwaite Lake and the Wythop Valley,https://www.andrewswalks.co.uk/wp-content/gallery/sale-fell-3/Sale-Fell-3-2.jpg,united kingdom,1.0,2580,bassenthwaite lake,"['bass lake', 'town of bass lake', 'big bass lake', 'lake lakengren', 'fish lake', 'lake wisconsin', 'lakenheath', 'lake wissota', 'lake brownwood', 'lake wynonah']",united kingdom
2812,"Castle Rock in the Valley of Rocks, Lynton and Lyn Key Chain",http://rlv.zcache.com/castle_rock_in_the_valley_of_rocks_lynton_and_lyn_keychain-r25f0ec72d72e4f089264faab5ba05bd5_x7j3z_8byvr_152.jpg,united kingdom,1.0,2603,lynton,"['lynton', 'lyttelton', 'lynden', 'lynwood', 'lyantonde', 'laton', 'lynbrook', 'lyntupy', 'lyncourt', 'city of lynden']",united kingdom
3007,"Glencree Valley and Knockree, Wicklow, Ireland.",https://photos.smugmug.com/Ireland/Wicklow/i-pp9x6BW/0/11f6e235/Ti/IMG_8201%20PS%201200x800%20WM-Ti.jpg,united kingdom,1.0,2785,ireland,"['ireland', 'northern ireland', 'dublin', 'ulster', 'south dublin', 'irish town', 'belfast', 'scotland', 'galway', 'donegal']",united kingdom
3235,Holiday homes along the Severn Valley,https://s0.geograph.org.uk/geophotos/02/55/58/2555841_bb83d1fa.jpg,united kingdom,1.0,2992,severn valley,"['severn', 'severn beach', 'severny district', 'severnyy', 'glen innes severn', 'severnoye', 'stourport-on-severn', 'arden on the severn', 'monmouthshire', 'upton upon severn']",united kingdom
3240,"Fog rolling in across the valley, Market Rasen",https://www.weather-forecast.com/system/images/22036/thumb_gallery/Market-Rasen.jpg,united kingdom,1.0,2997,market rasen,"['market rasen', 'middle rasen', 'rasrā', 'rasra', 'rași', 'rasol', 'rason', 'sellingen', 'rastede', 'rasad']",united kingdom
120,Lauterbrunnen Valley Stock Image,https://thumbs.dreamstime.com/t/lauterbrunnen-valley-view-trmmelbach-falls-switzerland-36318711.jpg,switzerland,1.0,114,lauterbrunnen valley,"['lauterbrunnen', 'lauterecken', 'lautertal', 'lautrach', 'lauzerville', 'lauchringen', 'lauchröden', 'lauzerte', 'lauterach', 'lauenförde, flecken']",switzerland
273,Aerial View on Zermatt Valley and Matterhorn Peak at Dawn,https://thumbs.dreamstime.com/z/aerial-view-zermatt-valley-matterhorn-peak-dawn-switzerland-50252674.jpg,switzerland,1.0,256,zermatt valley,"['valley', 'central valley', 'the valley', 'city of valley', 'valley hill', 'great valley', 'glenning valley', 'valley city', 'petit valley', 'north valley']",switzerland
516,Roman bridge in the Verzasca Valley,https://ak.picdn.net/offset/photos/5b36535217fb156e48083cfc/medium/offset_711958.jpg?DFghwDcb,switzerland,1.0,481,verzasca valley,"['berzasca', 'rancho veloz', 'zarza, la', 'visitacion valley', 'taşca', 'town of veazie', 'the valley', 'garza county', 'south valley', 'valley']",switzerland
661,View of valley from Wengen,https://media-cdn.tripadvisor.com/media/photo-l/02/d3/59/7c/hotel-edelweiss.jpg,switzerland,1.0,617,wengen,"['weng', 'wenjī', 'wendouree', 'wendo', 'wendover', 'wenheng', 'wenns', 'wenzendorf', 'wenvoe', 'wenchi']",switzerland
1803,Green valley in the Swiss Alps Stock Images,http://thumbs.dreamstime.com/t/green-valley-swiss-alps-small-village-bottom-mountains-40759104.jpg,switzerland,1.0,1675,swiss alps,"['switzerland', 'zürich', 'tyrol', 'minami-alps', 'canton', 'switzerland county', 'minami alps-shi', 'canton valley', 'alpine', 'east canton']",switzerland
2072,"Panorama of the Village of Soglio Surrounded by Colorful Woods, Bregaglia Valley-Roberto Moiola-Framed Photographic Print",https://imgc.artprintimages.com/img/print/panorama-of-the-village-of-soglio-surrounded-by-colorful-woods-bregaglia-valley_u-l-q12qfdeag8b0.jpg?p=1,italy,1.0,1926,soglio,"['somaglia', 'monteveglio', 'oviglio', 'noviglio', 'teglio', 'caraglio', 'poviglio', 'treglio', 'coccaglio', 'montescaglioso']",switzerland
2557,"Valley of waterfalls, Lauterbrunnen, Switzerland Royalty Free Stock Image",https://thumbs.dreamstime.com/t/valley-waterfalls-lauterbrunnen-switzerland-20910506.jpg,switzerland,1.0,2373,switzerland,"['switzerland', 'zürich', 'switzerland county', 'canton', 'swissvale', 'north canton', 'west canton', 'iceland', 'norway', 'hungary']",switzerland
2709,The way to go (christianmeichtry) Tags: mountain snow alps tree fall nature colors leaves clouds switzerland leaf europe suisse path valley wallis valais naturesfinest lötschental aumtun mywinners,https://farm3.static.flickr.com/2399/1839513181_4c2f5c9427_m.jpg,switzerland,1.0,2510,switzerland,"['switzerland', 'zürich', 'switzerland county', 'canton', 'swissvale', 'north canton', 'west canton', 'iceland', 'norway', 'hungary']",switzerland
3063,The valley of Joux in the Canton of Vaud Trucker Hat,https://rlv.zcache.ca/the_valley_of_joux_in_the_canton_of_vaud_trucker_hat-r208b3276bc694de7ba0f3ec9248454ac_eahvq_8byvr_324.jpg,switzerland,1.0,2838,vaud,"['vaudry', 'le vaud', 'vatan', 'vauvert', 'vădeni', 'vado', 'vade', 'vaie', 'văcăreni', 'vahibé']",switzerland
4505,Low clouds envelope the Engelberg valley as seen from Salistock - January.,https://www.mountainphotography.com/images/xl/20110130-Engelberg-from-Salistock.jpg,switzerland,1.0,4176,engelberg valley,"['engelsberg', 'engelberg', 'yosemite valley', 'valley', 'south waverly', 'canton valley', 'the valley', 'coromandel valley', 'altlandsberg', 'north valley']",switzerland
4715,"Albert Bierstadt, Valley of Meiringen Switzerland",https://p1.liveauctioneers.com/6349/130282/66275170_1_x.jpg?version=1540959803&amp;width=54&amp;format=pjpg&amp;auto=webp&amp;quality=25,switzerland,1.0,4372,switzerland,"['switzerland', 'zürich', 'switzerland county', 'canton', 'swissvale', 'north canton', 'west canton', 'iceland', 'norway', 'hungary']",switzerland
5504,"overlook: Valley of Limmat overlook, Aargau, Switzerland",https://us.123rf.com/450wm/oscity/oscity1604/oscity160400877/55711679-valley-of-limmat-overlook-aargau-switzerland.jpg?ver=6,switzerland,1.0,5102,switzerland,"['switzerland', 'zürich', 'switzerland county', 'canton', 'swissvale', 'north canton', 'west canton', 'iceland', 'norway', 'hungary']",switzerland
6201,Caspar Wolf - Study of the Geltenbach Falls in the Lauenen Valley  | MasterArt,https://images.masterart.com/JohnMitchellFinePaintingsMedia/Artworks/Caspar-Wolf-Study%20of%20the%20Geltenbach%20Falls%20in%20the%20Lauenen%20Valley_T636952525376222023.jpg?width=685&height=856&mode=max&scale=both&quality=80,austria,1.0,5752,lauenen valley,"['lauzerville', 'lau province', 'valley', 'the valley', 'launac', 'lautrach', 'laurinburg', 'city of valley', 'water valley', 'lauriya']",switzerland
6673,"Stock Photo: 1848-443638 The Verzasca flows through the Valle Verzasca valley and is spanned by the bridge to Corippo, Canton Ticino, Switzerland, Europe",https://cdn.superstock.com/1848/Download/1848-443638.jpg,switzerland,1.0,6198,switzerland,"['switzerland', 'zürich', 'switzerland county', 'canton', 'swissvale', 'north canton', 'west canton', 'iceland', 'norway', 'hungary']",switzerland
6833,"Fall foliage color in the larch trees in the Engadine Valley, Graubuden, Switzerland, Europe.",https://photos.smugmug.com/Switzerland-Europe/Engadine-Valley-Switzerland/i-WbBb9F4/0/f639fbc8/Ti/5DM-38019-Ti.jpg,switzerland,1.0,6341,switzerland,"['switzerland', 'zürich', 'switzerland county', 'canton', 'swissvale', 'north canton', 'west canton', 'iceland', 'norway', 'hungary']",switzerland
6881,"From the Cabane des Audannes, the full moon rises over the Rhone Valley, the Dom and the Taeschhorn",https://photos.smugmug.com/TreksintheAlps/Bernese-High-Route/i-sQ6Q7zp/2/829293f0/L/TJR-19-L.jpg,switzerland,1.0,6387,rhone valley,"['rhône', 'saulce-sur-rhône', 'tournon-sur-rhône', 'chasse-sur-rhône', 'rhône-alpes', 'loire-sur-rhône', 'châteauneuf-du-rhône', 'saint-clair-du-rhône', 'étoile-sur-rhône', 'la voulte-sur-rhône']",switzerland
7002,"Wall Mural - Beautiful autumn time at village of Lauterbrunnen in Swiss alps, gateway to famous Jungfrau. Set in a valley featuring rocky cliffs and the roaring, 300m-­high Staubbach Falls",https://t3.ftcdn.net/jpg/02/72/11/26/240_F_272112625_zG1eJk3swKh8uJfeBCENrUckq7xNgYlW.jpg,switzerland,1.0,6503,lauterbrunnen,"['lauterbrunnen', 'lauchringen', 'lauterecken', 'lauchröden', 'lautertal', 'launaguet', 'lauter', 'lauzerte', 'lautrach', 'lauterach']",switzerland
7287,"Emmental Valley and Swiss Alps in the Background, Berner Oberland, Switzerland by Jon Arnold",https://imgc.allpostersimages.com/img/posters/jon-arnold-emmental-valley-and-swiss-alps-in-the-background-berner-oberland-switzerland_u-L-Q17XUH10.jpg?src=gp&w=300&h=375,switzerland,1.0,6765,switzerland,"['switzerland', 'zürich', 'switzerland county', 'canton', 'swissvale', 'north canton', 'west canton', 'iceland', 'norway', 'hungary']",switzerland
8420,Mountaineering Signposts And Markings On The Slopes Of The Melchtal Alpine Valley And In The Uri Alp,https://static1.bigstockphoto.com/2/8/3/large2/382694663.jpg,switzerland,1.0,7820,melchtal alpine valley,"['city of alpine', 'alpine', 'town of glen alpine', 'borough of alpine', 'glen alpine', 'valley', 'the valley', 'alpine county', 'north valley', 'mill valley']",switzerland
9515,"Summer, Gstaad Valley, Switzerland",https://s3.eu-west-2.amazonaws.com/investorsinproperty/Switzerland/Gstaad+Valley/Resort/GV+-+Summer+Alt+Alt.jpg,switzerland,1.0,8854,switzerland,"['switzerland', 'zürich', 'switzerland county', 'canton', 'swissvale', 'north canton', 'west canton', 'iceland', 'norway', 'hungary']",switzerland
10478,the last leaves in Lauterbrunnen – autumn in Switzerland Mountain Beauty In Nature Nature Scenics - Nature Tranquility No People Tranquil Scene Mountain Range Tree Outdoors Autumn Church Mountain View Mountain Road Village Old Town Switzerland Valley Leading Old Old Buildings Cold Temperature Day,https://cdn5.eyeem.com/thumb/9754f017c5292e18866bcb55beb57702b9038891-1551039187962/w/350,switzerland,1.0,9739,switzerland,"['switzerland', 'zürich', 'switzerland county', 'canton', 'swissvale', 'north canton', 'west canton', 'iceland', 'norway', 'hungary']",switzerland
10753,The valley of Joux in the Canton of Vaud Disposable Napkin,https://rlv.zcache.ca/the_valley_of_joux_in_the_canton_of_vaud_disposable_napkin-r45091635ce6447cb8535023a47ae4be7_zfkx3_324.jpg?rlvnet=1,switzerland,1.0,9997,canton of vaud,"['canton de vaud', 'canton', 'city of canton', 'village of canton', 'cantonment', 'canton de jura', 'north canton', 'town of canton', 'west canton', 'east canton']",switzerland
10862,Eiger Photograph - Observing The Grindelwald Valley And Swiss Alps by Gary Whitton,https://render.fineartamerica.com/images/rendered/search/print/images/artworkimages/medium/1/observing-the-grindelwald-valley-and-swiss-alps-gary-whitton.jpg,switzerland,1.0,10099,grindelwald valley,"['grindelwald', 'nordwalde', 'columbine valley', 'the valley', 'meander valley', 'fernwald', 'valley', 'schutterwald', 'valley hill', 'damwâld']",switzerland
11370,"Single pine tree on a steep hillside in Switzerland. Single pine tree on a steep hillside in the Saas Valley, Switzerland royalty free stock image",https://thumbs.dreamstime.com/t/single-pine-tree-steep-hillside-saas-valley-switzerland-107565766.jpg,switzerland,1.0,10577,switzerland,"['switzerland', 'zürich', 'switzerland county', 'canton', 'swissvale', 'north canton', 'west canton', 'iceland', 'norway', 'hungary']",switzerland
11530,Scenic view of Lake Sils and Engadin valley,https://www0.f1online.de/preW/017009000/17009464.jpg,switzerland,1.0,10730,no,['no'],switzerland
